1021_A	Bacteria|Actinobacteria|Actinobacteria|Actinomycetales|Microbacteriaceae|Microbacterium||
1021_AC	Bacteria|Actinobacteria|Actinobacteria|Actinomycetales|Nocardioidaceae|Nocardioides|Nocardioides hankookensis|
1021_AE	Bacteria|Proteobacteria|Alphaproteobacteria|Rhizobiales|Rhizobiaceae|Ensifer||
1021_AG	Bacteria|Actinobacteria|Actinobacteria|Actinomycetales|Nocardioidaceae|Aeromicrobium||
1021_AH	Bacteria|Firmicutes|Bacilli|Bacillales|Bacillaceae|Bacillus||
1021_AI	Bacteria|Actinobacteria|Actinobacteria|Actinomycetales|Nocardioidaceae|Nocardioides||
1021_AN	Bacteria|Proteobacteria|Alphaproteobacteria|Rhizobiales|Rhizobiaceae|Ensifer||
1021_AP	Bacteria|Actinobacteria|Actinobacteria|Actinomycetales|Mycobacteriaceae|Mycobacterium||
1021_AQ	Bacteria|Proteobacteria|Betaproteobacteria|Burkholderiales|Comamonadaceae|||
1021_AR	Bacteria|Proteobacteria|Alphaproteobacteria|Rhizobiales|Rhizobiaceae|Rhizobium||
1021_AS	Bacteria|Proteobacteria|Betaproteobacteria|Burkholderiales|Comamonadaceae|||
1021_AZ	Bacteria|Proteobacteria|Alphaproteobacteria|Rhizobiales|Rhizobiaceae|Ensifer||
1021_B	Bacteria|Actinobacteria|Actinobacteria|Actinomycetales|Microbacteriaceae|Leifsonia||
1021_BA	Bacteria|Proteobacteria|Gammaproteobacteria|Xanthomonadales|Xanthomonadaceae|Lysobacter||
1021_BD	Bacteria|Proteobacteria|Gammaproteobacteria|Pseudomonadales|Pseudomonadaceae|Pseudomonas||
1021_BE	Bacteria|Proteobacteria|Alphaproteobacteria|Rhizobiales|Rhizobiaceae|Rhizobium||
1021_BF	Bacteria|Proteobacteria|Betaproteobacteria|Burkholderiales|Alcaligenaceae|||
1021_C	Bacteria|Actinobacteria|Actinobacteria|Actinomycetales|Streptomycetaceae|||
1021_F	Bacteria|Proteobacteria|Betaproteobacteria|Burkholderiales|Comamonadaceae|Acidovorax|uncultured Acidovorax sp.|
1021_G	Bacteria|Proteobacteria|Gammaproteobacteria|Pseudomonadales|Pseudomonadaceae|Pseudomonas||
1021_H	Bacteria|Proteobacteria|Alphaproteobacteria|Rhizobiales|Rhizobiaceae|Ensifer||
1021_I	Bacteria|Proteobacteria|Alphaproteobacteria|Rhizobiales|Rhizobiaceae|Ensifer||
1021_L	Bacteria|Proteobacteria|Alphaproteobacteria|Rhizobiales|Phyllobacteriaceae|Aminobacter||
1021_M	Bacteria|Proteobacteria|Alphaproteobacteria|Rhizobiales|Hyphomicrobiaceae|Devosia||
1021_N	Bacteria|Proteobacteria|Alphaproteobacteria|Rhizobiales|Rhizobiaceae|Ensifer||
1021_O	Bacteria|Actinobacteria|Actinobacteria|Actinomycetales|Mycobacteriaceae|Mycobacterium||
1021_P	Bacteria|Actinobacteria|Actinobacteria|Actinomycetales|Cellulomonadaceae|Cellulomonas||
1021_Q	Bacteria|Actinobacteria|Actinobacteria|Actinomycetales|Nocardioidaceae|Nocardioides|Nocardioides jensenii|
1021_R	Bacteria|Proteobacteria|Alphaproteobacteria|Rhizobiales|Rhizobiaceae|Ensifer||
1021_S	Bacteria|Proteobacteria|Alphaproteobacteria|Rhizobiales|Rhizobiaceae|Rhizobium||
1021_T	Bacteria|Actinobacteria|Actinobacteria|Actinomycetales|Microbacteriaceae|Microbacterium||
1021_U	Bacteria|Proteobacteria|Betaproteobacteria|Burkholderiales|Alcaligenaceae|||
1021_W	Bacteria|Actinobacteria|Actinobacteria|Actinomycetales|Intrasporangiaceae|Terrabacter||
1021_Y	Bacteria|Bacteroidetes|Flavobacteriia|Flavobacteriales|Flavobacteriaceae|Flavobacterium||
1139_AA	Bacteria|Proteobacteria|Alphaproteobacteria|Rhizobiales|Phyllobacteriaceae|Aquamicrobium||
1139_AC	Bacteria|Proteobacteria|Alphaproteobacteria|Rhizobiales|Rhizobiaceae|Rhizobium||
1139_AF	Bacteria|Proteobacteria|Alphaproteobacteria|Rhizobiales|Bradyrhizobiaceae|Bosea||
1139_AG	Bacteria|Proteobacteria|Betaproteobacteria|Burkholderiales|Oxalobacteraceae|Janthinobacterium||
1139_AH	Bacteria|Bacteroidetes|Flavobacteriia|Flavobacteriales|Flavobacteriaceae|Flavobacterium||
1139_AJ	Bacteria|Proteobacteria|Alphaproteobacteria|Rhizobiales|Rhizobiaceae|Rhizobium||
1139_AK	Bacteria|Proteobacteria|Gammaproteobacteria|Xanthomonadales|Xanthomonadaceae|Pseudoxanthomonas||
1139_AL	Bacteria|Proteobacteria|Alphaproteobacteria|Rhizobiales|Rhizobiaceae|Rhizobium||
1139_AN	Bacteria|Proteobacteria|Gammaproteobacteria|Xanthomonadales|Xanthomonadaceae|Lysobacter||
1139_AO	Bacteria|Proteobacteria|Alphaproteobacteria|Rhizobiales|Bradyrhizobiaceae|Bosea||
1139_AP	Bacteria|Actinobacteria|Actinobacteria|Actinomycetales|Nocardioidaceae|Nocardioides|Nocardioides sp. RHLT1-14|
1139_AQ	Bacteria|Proteobacteria|Alphaproteobacteria|Rhizobiales|Hyphomicrobiaceae|Devosia||
1139_AR	Bacteria|Proteobacteria|Alphaproteobacteria|Caulobacterales|Caulobacteraceae|Phenylobacterium|uncultured Phenylobacterium sp.|
1139_AS	Bacteria|Proteobacteria|Alphaproteobacteria|Rhizobiales|Rhizobiaceae|Rhizobium||
1139_AW	Bacteria|Proteobacteria|Alphaproteobacteria|Sphingomonadales|Sphingomonadaceae|Sphingomonas||
1139_AX	Bacteria|Firmicutes|Bacilli|Bacillales|Paenibacillaceae|Paenibacillus|Paenibacillus sp. AMB_13|
1139_AY	Bacteria|Proteobacteria|Alphaproteobacteria|Rhizobiales|Hyphomicrobiaceae|Devosia||
1139_AZ	Bacteria|Actinobacteria|Actinobacteria|Actinomycetales|Streptomycetaceae|Streptomyces||
1139_B	Bacteria|Actinobacteria|Actinobacteria|Actinomycetales|Cellulomonadaceae|Oerskovia||
1139_BC	Bacteria|Proteobacteria|Alphaproteobacteria|Caulobacterales|Caulobacteraceae|Caulobacter||
1139_BD	Bacteria|Proteobacteria|Alphaproteobacteria|Caulobacterales|Caulobacteraceae|Caulobacter||
1139_BE	Bacteria|Actinobacteria|Actinobacteria|Actinomycetales|Streptomycetaceae|Streptomyces||
1139_BF	Bacteria|Proteobacteria|Betaproteobacteria|Burkholderiales|Comamonadaceae|||
1139_BG	Bacteria|Proteobacteria|Betaproteobacteria|Burkholderiales|Comamonadaceae|||
1139_BH	Bacteria|Proteobacteria|Gammaproteobacteria|Xanthomonadales|Xanthomonadaceae|Lysobacter||
1139_BI	Bacteria|Proteobacteria|Alphaproteobacteria|Rhizobiales|Bradyrhizobiaceae|Nitrobacter|Nitrobacter sp. NS5-5|
1139_BK	Bacteria|Proteobacteria|Alphaproteobacteria|Sphingomonadales|Sphingomonadaceae|Sphingopyxis||
1139_BL	Bacteria|Proteobacteria|Betaproteobacteria|Burkholderiales|Comamonadaceae|Acidovorax||
1139_BM	Bacteria|Proteobacteria|Gammaproteobacteria|Xanthomonadales|Xanthomonadaceae|Lysobacter||
1139_BN	Bacteria|Proteobacteria|Alphaproteobacteria|Rhizobiales|Rhizobiaceae|Rhizobium||
1139_BO	Bacteria|Actinobacteria|Actinobacteria|Actinomycetales|Nocardioidaceae|Nocardioides|Nocardioides sp. NS/27|
1139_BQ	Bacteria|Proteobacteria|Gammaproteobacteria|Pseudomonadales|Pseudomonadaceae|Pseudomonas||
1139_BS	Bacteria|Proteobacteria|Alphaproteobacteria|Rhizobiales|Hyphomicrobiaceae|Devosia||
1139_BT	Bacteria|Actinobacteria|Actinobacteria|Actinomycetales|Nocardioidaceae|Nocardioides|Nocardioides sp. RHLT1-14|
1139_BU	Bacteria|Proteobacteria|Gammaproteobacteria|Xanthomonadales|Xanthomonadaceae|Rhodanobacter||
1139_BV	Bacteria|Proteobacteria|Alphaproteobacteria|Rhizobiales|Hyphomicrobiaceae|Devosia|Devosia sp. R41|
1139_BW	Bacteria|Proteobacteria|Alphaproteobacteria|Rhizobiales|Rhizobiaceae|Rhizobium|Rhizobium sp. CHNTR26|
1139_BY	Bacteria|Proteobacteria|Alphaproteobacteria|Rhizobiales|Bradyrhizobiaceae|Bosea||
1139_BZ	Bacteria|Proteobacteria|Alphaproteobacteria|Caulobacterales|Caulobacteraceae|Caulobacter||
1139_C	Bacteria|Proteobacteria|Betaproteobacteria|Burkholderiales|Comamonadaceae|||
1139_CA	Bacteria|Proteobacteria|Gammaproteobacteria|Xanthomonadales|Xanthomonadaceae|Lysobacter||
1139_CB	Bacteria|Proteobacteria|Alphaproteobacteria|Rhizobiales|Phyllobacteriaceae|Mesorhizobium||
1139_CC	Bacteria|Actinobacteria|Actinobacteria|Actinomycetales|Microbacteriaceae|Microbacterium||
1139_CD	Bacteria|Proteobacteria|Betaproteobacteria|Burkholderiales|Comamonadaceae|||
1139_CE	Bacteria|Actinobacteria|Actinobacteria|Actinomycetales|Microbacteriaceae|Microbacterium||
1139_CF	Bacteria|Proteobacteria|Betaproteobacteria|Burkholderiales|Comamonadaceae|||
1139_CG	Bacteria|Proteobacteria|Alphaproteobacteria|Rhizobiales|Rhizobiaceae|Ensifer||
1139_CH	Bacteria|Actinobacteria|Actinobacteria|Actinomycetales|Kineosporiaceae|Angustibacter||
1139_CI	Bacteria|Proteobacteria|Alphaproteobacteria|Rhizobiales|Rhizobiaceae|Rhizobium|Rhizobium sp. CHNTR26|
1139_CJ	Bacteria|Actinobacteria|Actinobacteria|Actinomycetales|Cellulomonadaceae|Cellulomonas||
1139_CK	Bacteria|Proteobacteria|Alphaproteobacteria|Rhizobiales|Phyllobacteriaceae|Mesorhizobium||
1139_CL	Bacteria|Bacteroidetes|Flavobacteriia|Flavobacteriales|Flavobacteriaceae|Flavobacterium||
1139_CM	Bacteria|Actinobacteria|Actinobacteria|Actinomycetales|Microbacteriaceae|Leifsonia||
1139_CO	Bacteria|Proteobacteria|Betaproteobacteria|Burkholderiales|Comamonadaceae|||
1139_CP	Bacteria|Proteobacteria|Alphaproteobacteria|Rhizobiales|Rhizobiaceae|Rhizobium|Rhizobium sp. CHNTR26|
1139_F	Bacteria|Actinobacteria|Actinobacteria|Actinomycetales|Microbacteriaceae|Agromyces||
1139_G	Bacteria|Proteobacteria|Betaproteobacteria|Burkholderiales|Alcaligenaceae|||
1139_I	Bacteria|Actinobacteria|Actinobacteria|Actinomycetales|Intrasporangiaceae|Terrabacter|Terrabacter carboxydivorans|
1139_J	Bacteria|Actinobacteria|Actinobacteria|Actinomycetales|Nocardioidaceae|Nocardioides||
1139_M	Bacteria|Actinobacteria|Actinobacteria|Actinomycetales|Nocardioidaceae|Nocardioides|Nocardioides jensenii|
1139_O	Bacteria|Actinobacteria|Actinobacteria|Actinomycetales|Microbacteriaceae|Yonghaparkia|Yonghaparkia alkaliphila|
1139_P	Bacteria|Proteobacteria|Gammaproteobacteria|Pseudomonadales|Pseudomonadaceae|Pseudomonas||
1139_Q	Bacteria|Proteobacteria|Betaproteobacteria|Burkholderiales|Comamonadaceae|||
1139_R	Bacteria|Proteobacteria|Betaproteobacteria|Burkholderiales|Oxalobacteraceae|Massilia||
1139_S	Bacteria|Proteobacteria|Alphaproteobacteria|Rhizobiales|Rhizobiaceae|Ensifer||
1139_T	Bacteria|Proteobacteria|Alphaproteobacteria|Sphingomonadales|Sphingomonadaceae|Sphingomonas||
1139_U	Bacteria|Proteobacteria|Alphaproteobacteria|Rhizobiales|Rhizobiaceae|Rhizobium|Rhizobium sp. DCP1|
1139_V	Bacteria|Proteobacteria|Alphaproteobacteria|Caulobacterales|Caulobacteraceae|Phenylobacterium|uncultured Phenylobacterium sp.|
1139_Y	Bacteria|Proteobacteria|Betaproteobacteria|Burkholderiales|Oxalobacteraceae|Massilia|uncultured Massilia sp.|
1220_A	Bacteria|Actinobacteria|Actinobacteria|Actinomycetales|Microbacteriaceae|||
1220_AA	Bacteria|Firmicutes|Bacilli|Bacillales|Bacillaceae|Bacillus||
1220_AB	Bacteria|Actinobacteria|Actinobacteria|Actinomycetales|Intrasporangiaceae|Phycicoccus|Phycicoccus ginsenosidimutans|
1220_AC	Bacteria|Firmicutes|Bacilli|Bacillales|Paenibacillaceae|Paenibacillus||
1220_AD	Bacteria|Actinobacteria|Actinobacteria|Actinomycetales|Intrasporangiaceae|Tetrasphaera|Tetrasphaera duodecadis|
1220_AF	Bacteria|Actinobacteria|Actinobacteria|Actinomycetales|Micrococcaceae|Arthrobacter||
1220_AG	Bacteria|Actinobacteria|Actinobacteria|Actinomycetales|Micrococcaceae|Arthrobacter||
1220_AH	Bacteria|Actinobacteria|Actinobacteria|Actinomycetales|Micrococcaceae|Arthrobacter||
1220_AI	Bacteria|Firmicutes|Bacilli|Bacillales|Paenibacillaceae|Paenibacillus||
1220_AJ	Bacteria|Proteobacteria|Gammaproteobacteria|Xanthomonadales|Xanthomonadaceae|Rhodanobacter||
1220_AK	Bacteria|Proteobacteria|Gammaproteobacteria|Xanthomonadales|Xanthomonadaceae|||
1220_AL	Bacteria|Actinobacteria|Actinobacteria|Actinomycetales|Nocardioidaceae|Nocardioides|Nocardioides terrigena|
1220_AM	Bacteria|Actinobacteria|Actinobacteria|Actinomycetales|Micrococcaceae|Arthrobacter||
1220_AO	Bacteria|Firmicutes|Bacilli|Bacillales|Paenibacillaceae|Paenibacillus|Paenibacillus frigoriresistens|
1220_AP	Bacteria|Actinobacteria|Actinobacteria|Actinomycetales|Nocardioidaceae|Nocardioides|Nocardioides jensenii|
1220_AQ	Bacteria|Actinobacteria|Actinobacteria|Actinomycetales|Nocardioidaceae|Nocardioides|Nocardioides jensenii|
1220_AR	Bacteria|Actinobacteria|Actinobacteria|Actinomycetales|Intrasporangiaceae|Phycicoccus||
1220_AS	Bacteria|Actinobacteria|Actinobacteria|Actinomycetales|Microbacteriaceae|Yonghaparkia|Yonghaparkia alkaliphila|
1220_AU	Bacteria|Actinobacteria|Actinobacteria|Actinomycetales|Intrasporangiaceae|Terrabacter|Terrabacter carboxydivorans|
1220_AV	Bacteria|Proteobacteria|Gammaproteobacteria|Xanthomonadales|Xanthomonadaceae|Lysobacter||
1220_AX	Bacteria|Actinobacteria|Actinobacteria|Actinomycetales|Cellulomonadaceae|Cellulomonas||
1220_AZ	Bacteria|Proteobacteria|Betaproteobacteria|Burkholderiales|Comamonadaceae|Pelomonas|Pelomonas sp. JGI 001013-K11|
1220_B	Bacteria|Actinobacteria|Actinobacteria|Actinomycetales|Nocardioidaceae|Nocardioides||
1220_BA	Bacteria|Proteobacteria|Betaproteobacteria|Burkholderiales|Comamonadaceae|Pelomonas|Pelomonas sp. JGI 001013-K11|
1220_BB	Bacteria|Proteobacteria|Alphaproteobacteria|Sphingomonadales|Sphingomonadaceae|Sphingomonas||
1220_BC	Bacteria|Actinobacteria|Actinobacteria|Actinomycetales|Streptomycetaceae|Streptomyces||
1220_BD	Bacteria|Proteobacteria|Betaproteobacteria|Burkholderiales|Oxalobacteraceae|Massilia|uncultured Massilia sp.|
1220_BE	Bacteria|Proteobacteria|Alphaproteobacteria|Sphingomonadales|Sphingomonadaceae|Sphingopyxis||
1220_BH	Bacteria|Proteobacteria|Betaproteobacteria|Burkholderiales|Oxalobacteraceae|Massilia||
1220_BI	Bacteria|Firmicutes|Bacilli|Bacillales|Paenibacillaceae|Paenibacillus|uncultured Paenibacillus sp.|
1220_BK	Bacteria|Actinobacteria|Actinobacteria|Actinomycetales|Nocardioidaceae|Aeromicrobium||
1220_BL	Bacteria|Proteobacteria|Alphaproteobacteria|Rhizobiales|Rhizobiaceae|Rhizobium|Rhizobium sp. Ia8|
1220_BM	Bacteria|Firmicutes|Bacilli|Bacillales|Paenibacillaceae|Paenibacillus||
1220_BO	Bacteria|Firmicutes|Bacilli|Bacillales|Paenibacillaceae|Paenibacillus|uncultured Paenibacillus sp.|
1220_BP	Bacteria|Firmicutes|Bacilli|Bacillales|Bacillaceae|Bacillus||
1220_BQ	Bacteria|Firmicutes|Bacilli|Bacillales|Bacillaceae|Bacillus||
1220_BT	Bacteria|Actinobacteria|Actinobacteria|Actinomycetales|Microbacteriaceae|Leifsonia||
1220_BU	Bacteria|Actinobacteria|Actinobacteria|Actinomycetales|Streptomycetaceae|Streptomyces||
1220_BV	Bacteria|Proteobacteria|Alphaproteobacteria|Rhizobiales|Rhizobiaceae|Ensifer||
1220_BW	Bacteria|Actinobacteria|Actinobacteria|Actinomycetales|Microbacteriaceae|Microbacterium||
1220_C	Bacteria|Actinobacteria|Actinobacteria|Actinomycetales|Intrasporangiaceae|Phycicoccus|Phycicoccus sp. THG-a14|
1220_CC	Bacteria|Proteobacteria|Alphaproteobacteria|Rhizobiales|Phyllobacteriaceae|Mesorhizobium||
1220_CD	Bacteria|Proteobacteria|Gammaproteobacteria|Pseudomonadales|Pseudomonadaceae|Pseudomonas||
1220_CE	Bacteria|Actinobacteria|Actinobacteria|Actinomycetales|Intrasporangiaceae|Phycicoccus|Phycicoccus sp. THG-a14|
1220_CF	Bacteria|Proteobacteria|Alphaproteobacteria|Rhizobiales|Phyllobacteriaceae|Aquamicrobium||
1220_CG	Bacteria|Proteobacteria|Alphaproteobacteria|Rhizobiales|Phyllobacteriaceae|Nitratireductor||
1220_CH	Bacteria|Actinobacteria|Actinobacteria|Actinomycetales|Streptomycetaceae|Kitasatospora||
1220_CI	Bacteria|Actinobacteria|Actinobacteria|Actinomycetales|Microbacteriaceae|Microbacterium||
1220_CK	Bacteria|Actinobacteria|Actinobacteria|Actinomycetales|Microbacteriaceae|Microbacterium|Microbacterium sp. Bt 07|
1220_D	Bacteria|Actinobacteria|Actinobacteria|Actinomycetales|Streptomycetaceae|Kitasatospora||
1220_E	Bacteria|Actinobacteria|Actinobacteria|Actinomycetales|Nocardiaceae|Nocardia||
1220_F	Bacteria|Proteobacteria|Alphaproteobacteria|Sphingomonadales|Sphingomonadaceae|Sphingopyxis||
1220_G	Bacteria|Proteobacteria|Betaproteobacteria|Burkholderiales|Oxalobacteraceae|Herbaspirillum|uncultured Herbaspirillum sp.|
1220_H	Bacteria|Proteobacteria|Betaproteobacteria|Burkholderiales|Comamonadaceae|||
1220_I	Bacteria|Proteobacteria|Gammaproteobacteria|Pseudomonadales|Pseudomonadaceae|Pseudomonas||
1220_K	Bacteria|Actinobacteria|Actinobacteria|Actinomycetales|Nocardioidaceae|Aeromicrobium||
1220_L	Bacteria|Actinobacteria|Actinobacteria|Actinomycetales|Streptomycetaceae|Streptomyces||
1220_M	Bacteria|Proteobacteria|Betaproteobacteria|Burkholderiales|Comamonadaceae|||
1220_N	Bacteria|Proteobacteria|Gammaproteobacteria|Xanthomonadales|Xanthomonadaceae|Rhodanobacter||
1220_Q	Bacteria|Actinobacteria|Actinobacteria|Actinomycetales|Microbacteriaceae|Agromyces|Agromyces subbeticus|
1220_R	Bacteria|Actinobacteria|Actinobacteria|Actinomycetales|Mycobacteriaceae|Mycobacterium||
1220_T	Bacteria|Proteobacteria|Betaproteobacteria|Burkholderiales|Comamonadaceae|Pelomonas|Pelomonas sp. JGI 001013-K11|
1220_U	Bacteria|Proteobacteria|Alphaproteobacteria|Rhizobiales|Rhizobiaceae|Rhizobium|Rhizobium sp. Ia8|
1220_V	Bacteria|Proteobacteria|Gammaproteobacteria|Xanthomonadales|Xanthomonadaceae|Lysobacter||
1220_W	Bacteria|Proteobacteria|Alphaproteobacteria|Sphingomonadales|Sphingomonadaceae|Sphingomonas|Sphingomonas wittichii|
1220_X	Bacteria|Actinobacteria|Actinobacteria|Actinomycetales|Intrasporangiaceae|Janibacter|Janibacter limosus|
1220_Y	Bacteria|Actinobacteria|Actinobacteria|Actinomycetales|Intrasporangiaceae|Knoellia||
1220_Z	Bacteria|Actinobacteria|Actinobacteria|Actinomycetales|Micrococcaceae|Arthrobacter||
1285_A	Bacteria|Proteobacteria|Gammaproteobacteria|Pseudomonadales|Pseudomonadaceae|Pseudomonas||
1285_AB	Bacteria|Actinobacteria|Actinobacteria|Actinomycetales|Microbacteriaceae|Agromyces||
1285_AC	Bacteria|Actinobacteria|Actinobacteria|Actinomycetales|Nocardioidaceae|Aeromicrobium|Aeromicrobium ponti|
1285_AD	Bacteria|Actinobacteria|Actinobacteria|Actinomycetales|Nocardiaceae|Rhodococcus||
1285_AE	Bacteria|Proteobacteria|Alphaproteobacteria|Rhizobiales|Methylobacteriaceae|Methylobacterium||
1285_AF	Bacteria|Proteobacteria|Betaproteobacteria|Burkholderiales|Comamonadaceae|Pseudorhodoferax||
1285_AG	Bacteria|Proteobacteria|Betaproteobacteria|Burkholderiales|Oxalobacteraceae|Janthinobacterium||
1285_AH	Bacteria|Proteobacteria|Alphaproteobacteria|Caulobacterales|Caulobacteraceae|Brevundimonas|Brevundimonas sp. HINF004|
1285_AI	Bacteria|Proteobacteria|Alphaproteobacteria|Rhizobiales|Methylobacteriaceae|Methylobacterium||
1285_AJ	Bacteria|Actinobacteria|Actinobacteria|Actinomycetales|Microbacteriaceae|||
1285_AK	Bacteria|Actinobacteria|Actinobacteria|Actinomycetales|Cellulomonadaceae|Cellulomonas|Cellulomonas terrae|
1285_AM	Bacteria|Proteobacteria|Alphaproteobacteria|Rhizobiales|Methylobacteriaceae|Methylobacterium||
1285_AN	Bacteria|Firmicutes|Bacilli|Bacillales|Bacillaceae|Bacillus||
1285_AO	Bacteria|Proteobacteria|Alphaproteobacteria|Sphingomonadales|Sphingomonadaceae|Sphingomonas||
1285_AP	Bacteria|Actinobacteria|Actinobacteria|Actinomycetales|Nocardioidaceae|Nocardioides||
1285_AQ	Bacteria|Proteobacteria|Alphaproteobacteria|Sphingomonadales|Sphingomonadaceae|Sphingomonas||
1285_AR	Bacteria|Proteobacteria|Alphaproteobacteria|Rhizobiales|Methylobacteriaceae|Methylobacterium||
1285_AT	Bacteria|Proteobacteria|Alphaproteobacteria|Sphingomonadales|Sphingomonadaceae|Sphingomonas||
1285_AV	Bacteria|Proteobacteria|Alphaproteobacteria|Rhizobiales|Rhizobiaceae|Rhizobium|Rhizobium sp. CpLB236|
1285_AW	Bacteria|Proteobacteria|Alphaproteobacteria|Sphingomonadales|Sphingomonadaceae|Sphingomonas||
1285_AY	Bacteria|Actinobacteria|Actinobacteria|Actinomycetales|Microbacteriaceae|Rathayibacter||
1285_AZ	Bacteria|Proteobacteria|Alphaproteobacteria|Sphingomonadales|Sphingomonadaceae|Sphingomonas||
1285_BA	Bacteria|Actinobacteria|Actinobacteria|Actinomycetales|Sanguibacteraceae|Sanguibacter||
1285_BB	Bacteria|Proteobacteria|Alphaproteobacteria|Sphingomonadales|Sphingomonadaceae|Sphingomonas||
1285_BC	Bacteria|Proteobacteria|Alphaproteobacteria|Sphingomonadales|Sphingomonadaceae|Sphingomonas||
1285_BD	Bacteria|Bacteroidetes|Flavobacteriia|Flavobacteriales|Flavobacteriaceae|Chryseobacterium||
1285_BE	Bacteria|Actinobacteria|Actinobacteria|Actinomycetales|Nocardiaceae|Rhodococcus|Rhodococcus sp. I_48-J6PC12A|
1285_BF	Bacteria|Actinobacteria|Actinobacteria|Actinomycetales|Cellulomonadaceae|Cellulomonas||
1285_BG	Bacteria|Actinobacteria|Actinobacteria|Actinomycetales|Microbacteriaceae|Microbacterium||
1285_BH	Bacteria|Actinobacteria|Actinobacteria|Actinomycetales||||
1285_BI	Bacteria|Proteobacteria|Alphaproteobacteria|Sphingomonadales|Sphingomonadaceae|Sphingomonas|uncultured Sphingomonas sp.|
1285_BJ	Bacteria|Firmicutes|Bacilli|Bacillales|Bacillaceae|Bacillus||
1285_BK	Bacteria|Proteobacteria|Alphaproteobacteria|Sphingomonadales|Sphingomonadaceae|Sphingomonas||
1285_BL	Bacteria|Actinobacteria|Actinobacteria|Actinomycetales|Micrococcaceae|Arthrobacter||
1285_BN	Bacteria|Bacteroidetes|Flavobacteriia|Flavobacteriales|Flavobacteriaceae|Chryseobacterium||
1285_BO	Bacteria|Actinobacteria|Actinobacteria|Actinomycetales|Nocardioidaceae|Aeromicrobium|Aeromicrobium ponti|
1285_BP	Bacteria|Proteobacteria|Alphaproteobacteria|Sphingomonadales|Sphingomonadaceae|Sphingomonas||
1285_BQ	Bacteria|Proteobacteria|Betaproteobacteria|Burkholderiales|Comamonadaceae|Pseudorhodoferax||
1285_BS	Bacteria|Proteobacteria|Alphaproteobacteria|Rhizobiales|Methylobacteriaceae|Methylobacterium||
1285_BT	Bacteria|Proteobacteria|Gammaproteobacteria|Xanthomonadales|Xanthomonadaceae|Xanthomonas||
1285_BU	Bacteria|Actinobacteria|Actinobacteria|Actinomycetales|Microbacteriaceae|Microbacterium||
1285_BV	Bacteria|Proteobacteria|Betaproteobacteria|Methylophilales|Methylophilaceae|Methylophilus||
1285_BW	Bacteria|Bacteroidetes|Flavobacteriia|Flavobacteriales|Flavobacteriaceae|Flavobacterium||
1285_BX	Bacteria|Actinobacteria|Actinobacteria|Actinomycetales|Microbacteriaceae|Frigoribacterium||
1285_BY	Bacteria|Actinobacteria|Actinobacteria|Actinomycetales|Geodermatophilaceae|Modestobacter|Modestobacter sp. R-36506|
1285_BZ	Bacteria|Proteobacteria|Alphaproteobacteria|Rhizobiales|Methylobacteriaceae|Methylobacterium||
1285_C	Bacteria|Actinobacteria|Actinobacteria|Actinomycetales|Microbacteriaceae|Rathayibacter||
1285_CA	Bacteria|Actinobacteria|Actinobacteria|Actinomycetales|Microbacteriaceae|Frigoribacterium||
1285_CB	Bacteria|Proteobacteria|Alphaproteobacteria|Rhizobiales|Methylobacteriaceae|Methylobacterium||
1285_CC	Bacteria|Proteobacteria|Alphaproteobacteria|Caulobacterales|Caulobacteraceae|Brevundimonas||
1285_CD	Bacteria|Actinobacteria|Actinobacteria|Actinomycetales|Microbacteriaceae|Microbacterium||
1285_CF	Bacteria|Actinobacteria|Actinobacteria|Actinomycetales|Microbacteriaceae|Curtobacterium|Curtobacterium sp. B20|
1285_CG	Bacteria|Proteobacteria|Alphaproteobacteria|Sphingomonadales|Sphingomonadaceae|Sphingomonas|Sphingomonas phyllosphaerae|
1285_CH	Bacteria|Proteobacteria|Alphaproteobacteria|Sphingomonadales|Sphingomonadaceae|Sphingomonas||
1285_CI	Bacteria|Firmicutes|Bacilli|Bacillales|Paenibacillaceae|Paenibacillus|Paenibacillus algorifonticola|
1285_CJ	Bacteria|Proteobacteria|Alphaproteobacteria|Rhizobiales|Methylobacteriaceae|Methylobacterium||
1285_CK	Bacteria|Actinobacteria|Actinobacteria|Actinomycetales|Nocardioidaceae|Aeromicrobium|Aeromicrobium ponti|
1285_CL	Bacteria|Actinobacteria|Actinobacteria|Actinomycetales|Microbacteriaceae|Microbacterium||
1285_CM	Bacteria|Proteobacteria|Gammaproteobacteria|Pseudomonadales|Pseudomonadaceae|Pseudomonas|uncultured Pseudomonas sp.|
1285_CN	Bacteria|Proteobacteria|Alphaproteobacteria|Rhizobiales|Methylobacteriaceae|Methylobacterium||
1285_CO	Bacteria|Actinobacteria|Actinobacteria|Actinomycetales|Geodermatophilaceae|Modestobacter|Modestobacter sp. R-36506|
1285_CP	Bacteria|Proteobacteria|Betaproteobacteria|Burkholderiales|Comamonadaceae|||
1285_CQ	Bacteria|Proteobacteria|Betaproteobacteria|Burkholderiales|Comamonadaceae|Acidovorax||
1285_CR	Bacteria|Proteobacteria|Alphaproteobacteria|Sphingomonadales|Sphingomonadaceae|Sphingomonas||
1285_D	Bacteria|Actinobacteria|Actinobacteria|Actinomycetales|Microbacteriaceae|Rathayibacter||
1285_E	Bacteria|Actinobacteria|Actinobacteria|Actinomycetales|Microbacteriaceae|Leifsonia||
1285_F	Bacteria|Proteobacteria|Alphaproteobacteria|Sphingomonadales|Sphingomonadaceae|Sphingomonas||
1285_G	Bacteria|Proteobacteria|Alphaproteobacteria|Sphingomonadales|Sphingomonadaceae|Sphingobium||
1285_H	Bacteria|Actinobacteria|Actinobacteria|Actinomycetales|Microbacteriaceae|Microbacterium||
1285_I	Bacteria|Actinobacteria|Actinobacteria|Actinomycetales|Microbacteriaceae|Frigoribacterium||
1285_K	Bacteria|Proteobacteria|Alphaproteobacteria|Rhizobiales|Methylobacteriaceae|Methylobacterium||
1285_L	Bacteria|Actinobacteria|Actinobacteria|Actinomycetales|Nocardiaceae|Rhodococcus||
1285_M	Bacteria|Actinobacteria|Actinobacteria|Actinomycetales|Micrococcaceae|Arthrobacter||
1285_N	Bacteria|Proteobacteria|Betaproteobacteria|Burkholderiales|Comamonadaceae|||
1285_O	Bacteria|Proteobacteria|Gammaproteobacteria|Pseudomonadales|Pseudomonadaceae|Pseudomonas||
1285_Q	Bacteria|Proteobacteria|Alphaproteobacteria|Rhizobiales|Methylobacteriaceae|Methylobacterium||
1285_T	Bacteria|Actinobacteria|Actinobacteria|Actinomycetales|Microbacteriaceae|Leifsonia|Leifsonia sp. MN6-25|
1285_U	Bacteria|Proteobacteria|Alphaproteobacteria|Rhizobiales|Rhizobiaceae|Rhizobium||
1285_W	Bacteria|Proteobacteria|Alphaproteobacteria|Rhizobiales|Methylobacteriaceae|Methylobacterium||
1285_X	Bacteria|Proteobacteria|Alphaproteobacteria|Sphingomonadales|Sphingomonadaceae|Sphingomonas||
1285_Y	Bacteria|Proteobacteria|Alphaproteobacteria|Rhizobiales|Methylobacteriaceae|Methylobacterium||
1285_Z	Bacteria|Proteobacteria|Alphaproteobacteria|Sphingomonadales|Sphingomonadaceae|Sphingomonas||
1286_A	Bacteria|Actinobacteria|Actinobacteria|Actinomycetales|Microbacteriaceae|Frigoribacterium||
1286_AA	Bacteria|Proteobacteria|Alphaproteobacteria|Sphingomonadales|Sphingomonadaceae|Sphingomonas||
1286_AB	Bacteria|Proteobacteria|Alphaproteobacteria|Rhizobiales|Aurantimonadaceae|||
1286_AC	Bacteria|Proteobacteria|Gammaproteobacteria|Pseudomonadales|Pseudomonadaceae|Pseudomonas||
1286_AD	Bacteria|Bacteroidetes|Flavobacteriia|Flavobacteriales|Flavobacteriaceae|Chryseobacterium|Chryseobacterium sp. T85L.09.P.BNT.GC.H.Gill.D.M|
1286_AE	Bacteria|Proteobacteria|Betaproteobacteria|Burkholderiales|Comamonadaceae|Variovorax||
1286_AF	Bacteria|Bacteroidetes|Sphingobacteriia|Sphingobacteriales|Sphingobacteriaceae|Pedobacter|Pedobacter agri|
1286_AG	Bacteria|Proteobacteria|Alphaproteobacteria|Rhizobiales|Rhizobiaceae|Rhizobium|Rhizobium sp. BA-57-09|
1286_AH	Bacteria|Proteobacteria|Alphaproteobacteria|Sphingomonadales|Sphingomonadaceae|Sphingomonas||
1286_AJ	Bacteria|Actinobacteria|Actinobacteria|Actinomycetales|Microbacteriaceae|Frigoribacterium||
1286_AK	Bacteria|Proteobacteria|Alphaproteobacteria|Rhizobiales|Methylobacteriaceae|Methylobacterium||
1286_AL	Bacteria|Proteobacteria|Alphaproteobacteria|Rhizobiales|Methylobacteriaceae|Methylobacterium||
1286_AM	Bacteria|Proteobacteria|Alphaproteobacteria|Rhizobiales|Bradyrhizobiaceae|Bradyrhizobium||
1286_AN	Bacteria|Actinobacteria|Actinobacteria|Actinomycetales|Microbacteriaceae|Microbacterium||
1286_AO	Bacteria|Proteobacteria|Alphaproteobacteria|Rhizobiales|Aurantimonadaceae|||
1286_AP	Bacteria|Firmicutes|Bacilli|Bacillales||||
1286_AQ	Bacteria|Proteobacteria|Alphaproteobacteria|Caulobacterales|Caulobacteraceae|Brevundimonas||
1286_AR	Bacteria|Proteobacteria|Alphaproteobacteria|Rhizobiales|Methylobacteriaceae|Methylobacterium||
1286_AS	Bacteria|Proteobacteria|Alphaproteobacteria|Sphingomonadales|Sphingomonadaceae|Sphingomonas||
1286_AT	Bacteria|Actinobacteria|Actinobacteria|Actinomycetales|Microbacteriaceae|||
1286_AU	Bacteria|Actinobacteria|Actinobacteria|Actinomycetales|Nocardiaceae|Rhodococcus||
1286_AV	Bacteria|Actinobacteria|Actinobacteria|Actinomycetales|Microbacteriaceae|Plantibacter||
1286_AW	Bacteria|Actinobacteria|Actinobacteria|Actinomycetales|Microbacteriaceae|Microbacterium||
1286_AX	Bacteria|Proteobacteria|Alphaproteobacteria|Sphingomonadales|Sphingomonadaceae|Sphingomonas||
1286_AY	Bacteria|Actinobacteria|Actinobacteria|Actinomycetales|Micrococcaceae|Arthrobacter||
1286_AZ	Bacteria|Proteobacteria|Alphaproteobacteria|Sphingomonadales|Sphingomonadaceae|Sphingomonas||
1286_BA	Bacteria|Proteobacteria|Alphaproteobacteria|Rhizobiales|Methylobacteriaceae|Methylobacterium||
1286_BC	Bacteria|Proteobacteria|Gammaproteobacteria|Enterobacteriales|Enterobacteriaceae|||
1286_BD	Bacteria|Proteobacteria|Betaproteobacteria|Methylophilales|Methylophilaceae|Methylophilus||
1286_BE	Bacteria|Actinobacteria|Actinobacteria|Actinomycetales|Microbacteriaceae|||
1286_BF	Bacteria|Proteobacteria|Alphaproteobacteria|Rhizobiales|Rhizobiaceae|Rhizobium||
1286_BG	Bacteria|Proteobacteria|Gammaproteobacteria|Xanthomonadales|Xanthomonadaceae|Xanthomonas||
1286_BH	Bacteria|Proteobacteria|Alphaproteobacteria|Rhizobiales|Methylobacteriaceae|Methylobacterium||
1286_BI	Bacteria|Proteobacteria|Alphaproteobacteria|Rhizobiales|Rhizobiaceae|Rhizobium|Rhizobium sp. CpLB236|
1286_BJ	Bacteria|Proteobacteria|Betaproteobacteria|Burkholderiales|Comamonadaceae|Acidovorax||
1286_BK	Bacteria|Proteobacteria|Alphaproteobacteria|Rhizobiales|Hyphomicrobiaceae|Devosia||
1286_BL	Bacteria|Actinobacteria|Actinobacteria|Actinomycetales|Microbacteriaceae|Frigoribacterium||
1286_BN	Bacteria|Proteobacteria|Alphaproteobacteria|Sphingomonadales|Sphingomonadaceae|Sphingomonas||
1286_BO	Bacteria|Proteobacteria|Alphaproteobacteria|Rhizobiales|Methylobacteriaceae|Methylobacterium||
1286_BP	Bacteria|Actinobacteria|Actinobacteria|Actinomycetales|Microbacteriaceae|||
1286_BQ	Bacteria|Proteobacteria|Alphaproteobacteria|Rhizobiales|Methylobacteriaceae|Methylobacterium||
1286_BR	Bacteria|Proteobacteria|Betaproteobacteria|Burkholderiales|Oxalobacteraceae|Massilia||
1286_BT	Bacteria|Proteobacteria|Alphaproteobacteria|Sphingomonadales|Sphingomonadaceae|Sphingomonas||
1286_BU	Bacteria|Proteobacteria|Betaproteobacteria|Methylophilales|Methylophilaceae|Methylophilus||
1286_BV	Bacteria|Proteobacteria|Alphaproteobacteria|Rhizobiales|Bradyrhizobiaceae|Bosea||
1286_BX	Bacteria|Proteobacteria|Betaproteobacteria|Burkholderiales|Comamonadaceae|Ramlibacter||
1286_BY	Bacteria|Bacteroidetes|Flavobacteriia|Flavobacteriales|Flavobacteriaceae|Chryseobacterium||
1286_C	Bacteria|Proteobacteria|Alphaproteobacteria|Sphingomonadales|Sphingomonadaceae|Sphingomonas||
1286_CA	Bacteria|Proteobacteria|Alphaproteobacteria|Rhizobiales|Methylobacteriaceae|Methylobacterium||
1286_CB	Bacteria|Actinobacteria|Actinobacteria|Actinomycetales|Microbacteriaceae|Plantibacter||
1286_CC	Bacteria|Proteobacteria|Alphaproteobacteria|Rhizobiales|Aurantimonadaceae|Aureimonas||
1286_CD	Bacteria|Proteobacteria|Alphaproteobacteria|Rhizobiales|Methylobacteriaceae|Methylobacterium||
1286_CE	Bacteria|Proteobacteria|Alphaproteobacteria|Rhizobiales|Rhizobiaceae|Rhizobium||
1286_CF	Bacteria|Proteobacteria|Gammaproteobacteria|Pseudomonadales|Moraxellaceae|Acinetobacter||
1286_CG	Bacteria|Actinobacteria|Actinobacteria|Actinomycetales|Nocardioidaceae|Marmoricola|Marmoricola aurantiacus|
1286_CH	Bacteria|Proteobacteria|Gammaproteobacteria|Pseudomonadales|Pseudomonadaceae|Pseudomonas||
1286_CI	Bacteria|Actinobacteria|Actinobacteria|Actinomycetales|Microbacteriaceae|Rathayibacter||
1286_CJ	Bacteria|Proteobacteria|Alphaproteobacteria|Rhizobiales|Methylobacteriaceae|Methylobacterium||
1286_CK	Bacteria|Proteobacteria|Gammaproteobacteria|Enterobacteriales|Enterobacteriaceae|Pantoea||
1286_CL	Bacteria|Actinobacteria|Actinobacteria|Actinomycetales|Microbacteriaceae|Microbacterium||
1286_CM	Bacteria|Proteobacteria|Alphaproteobacteria|Sphingomonadales|Sphingomonadaceae|Sphingomonas||
1286_CN	Bacteria|Proteobacteria|Alphaproteobacteria|Rhizobiales|Methylobacteriaceae|Methylobacterium||
1286_CO	Bacteria|Bacteroidetes|Sphingobacteriia|Sphingobacteriales|Sphingobacteriaceae|Pedobacter|Pedobacter aquatilis|
1286_CQ	Bacteria|Proteobacteria|Alphaproteobacteria|Sphingomonadales|Sphingomonadaceae|Sphingomonas|Sphingomonas hankookensis|
1286_CR	Bacteria|Proteobacteria|Alphaproteobacteria|Rhizobiales|Hyphomicrobiaceae|Devosia||
1286_E	Bacteria|Proteobacteria|Betaproteobacteria|Burkholderiales|Comamonadaceae|||
1286_F	Bacteria|Proteobacteria|Alphaproteobacteria|Sphingomonadales|Sphingomonadaceae|Sphingomonas||
1286_G	Bacteria|Firmicutes|Bacilli|Bacillales||||
1286_H	Bacteria|Proteobacteria|Alphaproteobacteria|Rhizobiales|Rhizobiaceae|Rhizobium||
1286_I	Bacteria|Proteobacteria|Alphaproteobacteria|Rhizobiales|Methylobacteriaceae|Methylobacterium||
1286_K	Bacteria|Bacteroidetes|Flavobacteriia|Flavobacteriales|Flavobacteriaceae|Flavobacterium|Flavobacterium lindanitolerans|
1286_L	Bacteria|Proteobacteria|Alphaproteobacteria|Rhizobiales|Rhizobiaceae|Rhizobium|Rhizobium sp. BA-57-09|
1286_M	Bacteria|Actinobacteria|Actinobacteria|Actinomycetales|Microbacteriaceae|Microbacterium|Microbacterium sp. C23(2011)|
1286_N	Bacteria|Proteobacteria|Alphaproteobacteria|Sphingomonadales|Sphingomonadaceae|Sphingomonas||
1286_Q	Bacteria|Firmicutes|Bacilli|Bacillales|Bacillaceae|Bacillus|Bacillus sp. M5-3|
1286_T	Bacteria|Proteobacteria|Alphaproteobacteria|Rhizobiales|Methylobacteriaceae|Methylobacterium||
1286_U	Bacteria|Proteobacteria|Alphaproteobacteria|Sphingomonadales|Sphingomonadaceae|Sphingomonas||
1286_V	Bacteria|Bacteroidetes|Cytophagia|Cytophagales|Cytophagaceae|Dyadobacter|Dyadobacter crusticola|
1286_W	Bacteria|Proteobacteria|Gammaproteobacteria|Pseudomonadales|Pseudomonadaceae|Pseudomonas||
1286_X	Bacteria|Proteobacteria|Betaproteobacteria|Burkholderiales|Comamonadaceae|||
1286_Y	Bacteria|Proteobacteria|Alphaproteobacteria|Rhizobiales|Aurantimonadaceae|||
1287_AA	Bacteria|Firmicutes|Bacilli|Bacillales|Paenibacillaceae|Brevibacillus||
1287_AE	Bacteria|Proteobacteria|Alphaproteobacteria|Caulobacterales|Caulobacteraceae|Phenylobacterium|uncultured Phenylobacterium sp.|
1287_AF	Bacteria|Actinobacteria|Actinobacteria|Actinomycetales|Microbacteriaceae|Microbacterium||
1287_AG	Bacteria|Actinobacteria|Actinobacteria|Actinomycetales|Microbacteriaceae|Microbacterium|Microbacterium sp. C23(2011)|
1287_AL	Bacteria|Proteobacteria|Gammaproteobacteria|Xanthomonadales|Xanthomonadaceae|Lysobacter||
1287_AN	Bacteria|Actinobacteria|Actinobacteria|Actinomycetales|Streptomycetaceae|Streptomyces||
1287_AO	Bacteria|Proteobacteria|Betaproteobacteria|Burkholderiales|Comamonadaceae|Acidovorax||
1287_AT	Bacteria|Proteobacteria|Alphaproteobacteria|Rhizobiales|Rhizobiaceae|Rhizobium||
1287_AV	Bacteria|Actinobacteria|Actinobacteria|Actinomycetales|Nocardioidaceae|Nocardioides||
1287_AW	Bacteria|Proteobacteria|Alphaproteobacteria|Rhizobiales|Methylobacteriaceae|Methylobacterium||
1287_B	Bacteria|Proteobacteria|Betaproteobacteria|Burkholderiales|Burkholderiaceae|Burkholderia|Burkholderia sp. IMER-A1-17|
1287_BC	Bacteria|Actinobacteria|Actinobacteria|Actinomycetales|Streptomycetaceae|||
1287_BD	Bacteria|Actinobacteria|Actinobacteria|Actinomycetales|Intrasporangiaceae|Phycicoccus||
1287_BF	Bacteria|Proteobacteria|Alphaproteobacteria|Rhizobiales|Methylobacteriaceae|Methylobacterium||
1287_BG	Bacteria|Proteobacteria|Alphaproteobacteria|Rhizobiales|Rhizobiaceae|Rhizobium||
1287_BL	Bacteria|Actinobacteria|Actinobacteria|Actinomycetales|Nocardioidaceae|Nocardioides|Nocardioides terrigena|
1287_BM	Bacteria|Proteobacteria|Alphaproteobacteria|Rhizobiales|Rhizobiaceae|Rhizobium||
1287_BN	Bacteria|Bacteroidetes|Sphingobacteriia|Sphingobacteriales|Sphingobacteriaceae|Pedobacter||
1287_BO	Bacteria|Proteobacteria|Gammaproteobacteria|Enterobacteriales|Enterobacteriaceae|Rahnella|Rahnella aquatilis|
1287_BR	Bacteria|Proteobacteria|Alphaproteobacteria|Rhizobiales|Rhizobiaceae|Rhizobium||
1287_BU	Bacteria|Actinobacteria|Actinobacteria|Actinomycetales|Nocardioidaceae|Nocardioides||
1287_BV	Bacteria|Proteobacteria|Alphaproteobacteria|Rhizobiales|Methylobacteriaceae|Methylobacterium||
1287_BW	Bacteria|Actinobacteria|Actinobacteria|Actinomycetales|Microbacteriaceae|Frigoribacterium||
1287_BZ	Bacteria|Proteobacteria|Betaproteobacteria|Burkholderiales|Comamonadaceae|||
1287_C	Bacteria|Actinobacteria|Actinobacteria|Actinomycetales|Micrococcaceae|Arthrobacter||
1287_CC	Bacteria|Proteobacteria|Betaproteobacteria|Burkholderiales|Oxalobacteraceae|Duganella||
1287_CD	Bacteria|Proteobacteria|Alphaproteobacteria|Sphingomonadales|Sphingomonadaceae|Sphingomonas||
1287_CG	Bacteria|Proteobacteria|Betaproteobacteria|Burkholderiales|Oxalobacteraceae|Massilia||
1287_CH	Bacteria|Proteobacteria|Betaproteobacteria|Burkholderiales|Comamonadaceae|||
1287_CI	Bacteria|Proteobacteria|Alphaproteobacteria|Caulobacterales|Caulobacteraceae|Caulobacter||
1287_CK	Bacteria|Actinobacteria|Actinobacteria|Actinomycetales|Microbacteriaceae|Curtobacterium||
1287_CL	Bacteria|Proteobacteria|Alphaproteobacteria|Rhizobiales|Methylobacteriaceae|Methylobacterium||
1287_CM	Bacteria|Proteobacteria|Alphaproteobacteria|Rhizobiales|Rhizobiaceae|Rhizobium||
1287_CP	Bacteria|Proteobacteria|Alphaproteobacteria|Rhizobiales|Rhizobiaceae|Rhizobium||
1287_D	Bacteria|Actinobacteria|Actinobacteria|Actinomycetales|Micrococcaceae|Arthrobacter||
1287_F	Bacteria|Proteobacteria|Betaproteobacteria|Burkholderiales|Comamonadaceae|Pelomonas|Pelomonas sp. JGI 001013-K11|
1287_G	Bacteria|Proteobacteria|Alphaproteobacteria|Rhizobiales|Rhizobiaceae|Ensifer||
1287_H	Bacteria|Actinobacteria|Actinobacteria|Actinomycetales|Microbacteriaceae|Agromyces|Agromyces fucosus|
1287_I	Bacteria|Proteobacteria|Alphaproteobacteria|Rhizobiales|Methylobacteriaceae|Methylobacterium||
1287_N	Bacteria|Actinobacteria|Actinobacteria|Actinomycetales|Cellulomonadaceae|Oerskovia||
1287_O	Bacteria|Actinobacteria|Actinobacteria|Actinomycetales|Nocardioidaceae|Nocardioides|Nocardioides hankookensis|
1287_P	Bacteria|Proteobacteria|Alphaproteobacteria|Rhizobiales|Phyllobacteriaceae|Nitratireductor||
1287_W	Bacteria|Proteobacteria|Betaproteobacteria|Burkholderiales|Comamonadaceae|||
1287_Y	Bacteria|Proteobacteria|Gammaproteobacteria|Xanthomonadales|Xanthomonadaceae|Stenotrophomonas||
1365_A	Bacteria|Proteobacteria|Betaproteobacteria|Burkholderiales|Oxalobacteraceae|Janthinobacterium||
1365_B	Bacteria|Proteobacteria|Gammaproteobacteria|Xanthomonadales|Xanthomonadaceae|Lysobacter||
1365_D	Bacteria|Proteobacteria|Alphaproteobacteria|Caulobacterales|Caulobacteraceae|Brevundimonas||
1365_E	Bacteria|Proteobacteria|Alphaproteobacteria|Caulobacterales|Caulobacteraceae|Caulobacter||
1365_F	Bacteria|Proteobacteria|Alphaproteobacteria|Sphingomonadales|Erythrobacteraceae|Altererythrobacter||
1365_G	Bacteria|Firmicutes|Bacilli|Bacillales|Bacillaceae|Bacillus||
1365_H	Bacteria|Proteobacteria|Alphaproteobacteria|Caulobacterales|Caulobacteraceae|Brevundimonas||
1365_I	Bacteria|Actinobacteria|Actinobacteria|Actinomycetales|Microbacteriaceae|Leifsonia||
1365_O	Bacteria|Proteobacteria|Betaproteobacteria|Burkholderiales|Comamonadaceae|Pelomonas|Pelomonas sp. JGI 001013-K11|
1365_P	Bacteria|Proteobacteria|Betaproteobacteria|Burkholderiales|Comamonadaceae|Pelomonas|Pelomonas sp. JGI 001013-K11|
