"rank"	"bin"	"precision"	"recall"	"predicted_size"	"real_size"	"binner"
"superkingdom"	"Bacteria"	1	1	218836565	218836565	"Gold Standard"
"superkingdom"	"Archaea"	1	1	4877686	4877686	"Gold Standard"
"phylum"	"Proteobacteria"	1	1	105919792	105919792	"Gold Standard"
"phylum"	"Firmicutes"	1	1	57449884	57449884	"Gold Standard"
"phylum"	"Actinobacteria"	1	1	55466889	55466889	"Gold Standard"
"phylum"	"Euryarchaeota"	1	1	4877686	4877686	"Gold Standard"
"class"	"Alphaproteobacteria"	1	1	56886121	56886121	"Gold Standard"
"class"	"Actinobacteria"	1	1	55466889	55466889	"Gold Standard"
"class"	"Betaproteobacteria"	1	1	49033671	49033671	"Gold Standard"
"class"	"Clostridia"	1	1	40499848	40499848	"Gold Standard"
"class"	"Bacilli"	1	1	16950036	16950036	"Gold Standard"
"class"	"Halobacteria"	1	1	4877686	4877686	"Gold Standard"
"order"	"Actinomycetales"	1	1	55466889	55466889	"Gold Standard"
"order"	"Burkholderiales"	1	1	40129564	40129564	"Gold Standard"
"order"	"Clostridiales"	1	1	30099738	30099738	"Gold Standard"
"order"	"Rhizobiales"	1	1	21524620	21524620	"Gold Standard"
"order"	"Bacillales"	1	1	16950036	16950036	"Gold Standard"
"order"	"Sphingomonadales"	1	1	16618547	16618547	"Gold Standard"
"order"	"Rhodospirillales"	1	1	11212086	11212086	"Gold Standard"
"order"	"Thermoanaerobacterales"	1	1	10400110	10400110	"Gold Standard"
"order"	"Methylophilales"	1	1	8904107	8904107	"Gold Standard"
"order"	"Rhodobacterales"	1	1	7530868	7530868	"Gold Standard"
"order"	"Halobacteriales"	1	1	4877686	4877686	"Gold Standard"
"family"	"Oxalobacteraceae"	1	1	28873267	28873267	"Gold Standard"
"family"	"Streptomycetaceae"	1	1	18428033	18428033	"Gold Standard"
"family"	"Cellulomonadaceae"	1	1	17759502	17759502	"Gold Standard"
"family"	"Sphingomonadaceae"	1	1	16618547	16618547	"Gold Standard"
"family"	"Clostridiales Family XIX. Incertae Sedis"	1	1	15210881	15210881	"Gold Standard"
"family"	"Clostridiales Family XVI. Incertae Sedis"	1	1	14888857	14888857	"Gold Standard"
"family"	"Rhizobiaceae"	1	1	13774939	13774939	"Gold Standard"
"family"	"Comamonadaceae"	1	1	11256297	11256297	"Gold Standard"
"family"	"Rhodospirillaceae"	1	1	11212086	11212086	"Gold Standard"
"family"	"Nocardioidaceae"	1	1	10494171	10494171	"Gold Standard"
"family"	"Thermoanaerobacteraceae"	1	1	10400110	10400110	"Gold Standard"
"family"	"Methylophilaceae"	1	1	8904107	8904107	"Gold Standard"
"family"	"Intrasporangiaceae"	1	1	8785183	8785183	"Gold Standard"
"family"	"Aurantimonadaceae"	1	1	7749681	7749681	"Gold Standard"
"family"	"Rhodobacteraceae"	1	1	7530868	7530868	"Gold Standard"
"family"	"Planococcaceae"	1	1	7245311	7245311	"Gold Standard"
"family"	"Halobacteriaceae"	1	1	4877686	4877686	"Gold Standard"
"family"	"unassigned"	NA	NA	9704725	0	"Gold Standard"
"genus"	"Massilia"	1	1	28873267	28873267	"Gold Standard"
"genus"	"Sphingomonas"	1	1	16618547	16618547	"Gold Standard"
"genus"	"Acetoanaerobium"	1	1	15210881	15210881	"Gold Standard"
"genus"	"Carboxydocella"	1	1	14888857	14888857	"Gold Standard"
"genus"	"Sinorhizobium"	1	1	13774939	13774939	"Gold Standard"
"genus"	"Phaeospirillum"	1	1	11212086	11212086	"Gold Standard"
"genus"	"Aeromicrobium"	1	1	10494171	10494171	"Gold Standard"
"genus"	"Oerskovia"	1	1	9113781	9113781	"Gold Standard"
"genus"	"Methylophilus"	1	1	8904107	8904107	"Gold Standard"
"genus"	"Phycicoccus"	1	1	8785183	8785183	"Gold Standard"
"genus"	"Cellulomonas"	1	1	8645721	8645721	"Gold Standard"
"genus"	"Rhodobacter"	1	1	7530868	7530868	"Gold Standard"
"genus"	"Sporosarcina"	1	1	7245311	7245311	"Gold Standard"
"genus"	"Thermoanaerobacter"	1	1	5263147	5263147	"Gold Standard"
"genus"	"Moorella"	1	1	5136963	5136963	"Gold Standard"
"genus"	"Halobacterium"	1	1	4877686	4877686	"Gold Standard"
"genus"	"unassigned"	NA	NA	47138736	0	"Gold Standard"
"species"	"uncultured Massilia sp."	1	1	28873267	28873267	"Gold Standard"
"species"	"Acetoanaerobium noterae"	1	1	15210881	15210881	"Gold Standard"
"species"	"Carboxydocella sporoproducens"	1	1	14888857	14888857	"Gold Standard"
"species"	"Sinorhizobium meliloti"	1	1	13774939	13774939	"Gold Standard"
"species"	"Phaeospirillum fulvum"	1	1	11212086	11212086	"Gold Standard"
"species"	"Aeromicrobium ponti"	1	1	10494171	10494171	"Gold Standard"
"species"	"Rhodobacter capsulatus"	1	1	7530868	7530868	"Gold Standard"
"species"	"Sporosarcina newyorkensis"	1	1	7245311	7245311	"Gold Standard"
"species"	"Thermoanaerobacter thermohydrosulfuricus"	1	1	5263147	5263147	"Gold Standard"
"species"	"Moorella thermoacetica"	1	1	5136963	5136963	"Gold Standard"
"species"	"Halobacterium salinarum"	1	1	4877686	4877686	"Gold Standard"
"species"	"unassigned"	NA	NA	99206075	0	"Gold Standard"
"superkingdom"	"Bacteria"	1	0.08	17534648	218836565	"evil_yalow_1"
"superkingdom"	"Archaea"	1	0.01	44163	4877686	"evil_yalow_1"
"superkingdom"	"unassigned"	NA	NA	206135440	0	"evil_yalow_1"
"phylum"	"Proteobacteria"	1	0.09	10035148	105919792	"evil_yalow_1"
"phylum"	"Actinobacteria"	1	0.07	3930385	55466889	"evil_yalow_1"
"phylum"	"Firmicutes"	1	0.06	3484235	57449884	"evil_yalow_1"
"phylum"	"Euryarchaeota"	1	0.01	31620	4877686	"evil_yalow_1"
"phylum"	"unassigned"	NA	NA	206232863	0	"evil_yalow_1"
"class"	"Betaproteobacteria"	1	0.11	5169985	49033671	"evil_yalow_1"
"class"	"Alphaproteobacteria"	1	0.09	4846158	56886121	"evil_yalow_1"
"class"	"Actinobacteria"	1	0.07	3930385	55466889	"evil_yalow_1"
"class"	"Clostridia"	1	0.05	2193817	40499848	"evil_yalow_1"
"class"	"Bacilli"	1	0.05	924035	16950036	"evil_yalow_1"
"class"	"Halobacteria"	1	0.01	31620	4877686	"evil_yalow_1"
"class"	"unassigned"	NA	NA	206618251	0	"evil_yalow_1"
"order"	"Burkholderiales"	1	0.12	4796521	40129564	"evil_yalow_1"
"order"	"Actinomycetales"	1	0.07	3930385	55466889	"evil_yalow_1"
"order"	"Rhizobiales"	1	0.15	3255442	21524620	"evil_yalow_1"
"order"	"Clostridiales"	0.99	0.03	932065	30099738	"evil_yalow_1"
"order"	"Bacillales"	1	0.05	924035	16950036	"evil_yalow_1"
"order"	"Thermoanaerobacterales"	1	0.07	681445	10400110	"evil_yalow_1"
"order"	"Rhodospirillales"	1	0.06	618543	11212086	"evil_yalow_1"
"order"	"Rhodobacterales"	1	0.08	606502	7530868	"evil_yalow_1"
"order"	"Methylophilales"	1	0.04	344047	8904107	"evil_yalow_1"
"order"	"Sphingomonadales"	1	0.02	266786	16618547	"evil_yalow_1"
"order"	"Halobacteriales"	1	0.01	31620	4877686	"evil_yalow_1"
"order"	"unassigned"	NA	NA	207326860	0	"evil_yalow_1"
"family"	"Comamonadaceae"	1	0.24	2740980	11256297	"evil_yalow_1"
"family"	"Streptomycetaceae"	1	0.11	2097768	18428033	"evil_yalow_1"
"family"	"Oxalobacteraceae"	1	0.07	1957186	28873267	"evil_yalow_1"
"family"	"Aurantimonadaceae"	1	0.2	1556499	7749681	"evil_yalow_1"
"family"	"Rhizobiaceae"	1	0.11	1512984	13774939	"evil_yalow_1"
"family"	"Thermoanaerobacteraceae"	1	0.07	676527	10400110	"evil_yalow_1"
"family"	"Nocardioidaceae"	1	0.06	654530	10494171	"evil_yalow_1"
"family"	"Rhodospirillaceae"	1	0.06	618543	11212086	"evil_yalow_1"
"family"	"Rhodobacteraceae"	1	0.08	606502	7530868	"evil_yalow_1"
"family"	"Intrasporangiaceae"	1	0.07	585607	8785183	"evil_yalow_1"
"family"	"Cellulomonadaceae"	1	0.03	544574	17759502	"evil_yalow_1"
"family"	"family_Exiguobacterium"	0	NA	348914	0	"evil_yalow_1"
"family"	"Methylophilaceae"	1	0.04	344047	8904107	"evil_yalow_1"
"family"	"Peptostreptococcaceae"	0	NA	339337	0	"evil_yalow_1"
"family"	"Sphingomonadaceae"	1	0.02	266786	16618547	"evil_yalow_1"
"family"	"Planococcaceae"	1	0.04	253809	7245311	"evil_yalow_1"
"family"	"Bacillaceae"	0	NA	40844	0	"evil_yalow_1"
"family"	"Halobacteriaceae"	1	0.01	31620	4877686	"evil_yalow_1"
"family"	"unassigned"	NA	NA	208537194	0	"evil_yalow_1"
"genus"	"Streptomyces"	0	NA	2097768	0	"evil_yalow_1"
"genus"	"Massilia"	1	0.06	1851385	28873267	"evil_yalow_1"
"genus"	"Acidovorax"	0	NA	1783933	0	"evil_yalow_1"
"genus"	"Sinorhizobium"	1	0.11	1512984	13774939	"evil_yalow_1"
"genus"	"Phaeospirillum"	1	0.05	605940	11212086	"evil_yalow_1"
"genus"	"Cellulomonas"	1	0.06	544574	8645721	"evil_yalow_1"
"genus"	"Aeromicrobium"	1	0.05	518715	10494171	"evil_yalow_1"
"genus"	"Knoellia"	0	NA	443816	0	"evil_yalow_1"
"genus"	"Moorella"	1	0.07	382365	5136963	"evil_yalow_1"
"genus"	"Exiguobacterium"	0	NA	348914	0	"evil_yalow_1"
"genus"	"Peptoclostridium"	0	NA	338375	0	"evil_yalow_1"
"genus"	"Methylophilus"	1	0.04	336152	8904107	"evil_yalow_1"
"genus"	"Thermoanaerobacter"	1	0.05	267194	5263147	"evil_yalow_1"
"genus"	"Rhodobacter"	1	0.03	255644	7530868	"evil_yalow_1"
"genus"	"Sporosarcina"	1	0.04	253809	7245311	"evil_yalow_1"
"genus"	"Aurantimonas"	0	NA	169127	0	"evil_yalow_1"
"genus"	"Sphingomonas"	1	0.01	151415	16618547	"evil_yalow_1"
"genus"	"Bacillus"	0	NA	40844	0	"evil_yalow_1"
"genus"	"unassigned"	NA	NA	211811297	0	"evil_yalow_1"
"species"	"Sinorhizobium meliloti"	1	0.11	1501192	13774939	"evil_yalow_1"
"species"	"Massilia sp. JS1662"	0	NA	534010	0	"evil_yalow_1"
"species"	"Moorella thermoacetica"	1	0.07	382365	5136963	"evil_yalow_1"
"species"	"[Clostridium] sticklandii"	0	NA	119848	0	"evil_yalow_1"
"species"	"Rhodobacter capsulatus"	1	0.01	100380	7530868	"evil_yalow_1"
"species"	"Sporosarcina newyorkensis"	1	0	2016	7245311	"evil_yalow_1"
"species"	"unassigned"	NA	NA	221074440	0	"evil_yalow_1"
"superkingdom"	"Bacteria"	1	0.08	17543649	218836565	"fervent_sammet_0"
"superkingdom"	"Archaea"	1	0.01	44163	4877686	"fervent_sammet_0"
"superkingdom"	"unassigned"	NA	NA	206126439	0	"fervent_sammet_0"
"phylum"	"Proteobacteria"	1	0.09	10060360	105919792	"fervent_sammet_0"
"phylum"	"Actinobacteria"	1	0.07	3950248	55466889	"fervent_sammet_0"
"phylum"	"Firmicutes"	1	0.06	3522446	57449884	"fervent_sammet_0"
"phylum"	"Euryarchaeota"	1	0.01	31620	4877686	"fervent_sammet_0"
"phylum"	"unassigned"	NA	NA	206149577	0	"fervent_sammet_0"
"class"	"Betaproteobacteria"	1	0.11	5198248	49033671	"fervent_sammet_0"
"class"	"Alphaproteobacteria"	1	0.09	4862112	56886121	"fervent_sammet_0"
"class"	"Actinobacteria"	1	0.07	3950248	55466889	"fervent_sammet_0"
"class"	"Clostridia"	1	0.06	2547661	40499848	"fervent_sammet_0"
"class"	"Bacilli"	0.97	0.05	961089	16950036	"fervent_sammet_0"
"class"	"Halobacteria"	1	0.01	31620	4877686	"fervent_sammet_0"
"class"	"unassigned"	NA	NA	206163273	0	"fervent_sammet_0"
"order"	"Burkholderiales"	1	0.12	4818843	40129564	"fervent_sammet_0"
"order"	"Actinomycetales"	1	0.07	3950248	55466889	"fervent_sammet_0"
"order"	"Rhizobiales"	1	0.15	3260589	21524620	"fervent_sammet_0"
"order"	"Clostridiales"	0.99	0.06	1828575	30099738	"fervent_sammet_0"
"order"	"Bacillales"	1	0.05	924035	16950036	"fervent_sammet_0"
"order"	"Thermoanaerobacterales"	1	0.07	681445	10400110	"fervent_sammet_0"
"order"	"Rhodospirillales"	1	0.06	618543	11212086	"fervent_sammet_0"
"order"	"Rhodobacterales"	1	0.08	606502	7530868	"fervent_sammet_0"
"order"	"Methylophilales"	1	0.04	344047	8904107	"fervent_sammet_0"
"order"	"Sphingomonadales"	1	0.02	266786	16618547	"fervent_sammet_0"
"order"	"Halobacteriales"	1	0.01	31620	4877686	"fervent_sammet_0"
"order"	"unassigned"	NA	NA	206383018	0	"fervent_sammet_0"
"family"	"Comamonadaceae"	1	0.24	2740980	11256297	"fervent_sammet_0"
"family"	"Streptomycetaceae"	1	0.11	2097768	18428033	"fervent_sammet_0"
"family"	"Oxalobacteraceae"	1	0.07	1957186	28873267	"fervent_sammet_0"
"family"	"Aurantimonadaceae"	1	0.2	1556499	7749681	"fervent_sammet_0"
"family"	"Rhizobiaceae"	1	0.11	1515015	13774939	"fervent_sammet_0"
"family"	"Thermoanaerobacteraceae"	1	0.07	676527	10400110	"fervent_sammet_0"
"family"	"Nocardioidaceae"	1	0.06	654530	10494171	"fervent_sammet_0"
"family"	"Rhodospirillaceae"	1	0.06	618543	11212086	"fervent_sammet_0"
"family"	"Rhodobacteraceae"	1	0.08	606502	7530868	"fervent_sammet_0"
"family"	"Intrasporangiaceae"	1	0.07	585607	8785183	"fervent_sammet_0"
"family"	"Cellulomonadaceae"	1	0.03	544574	17759502	"fervent_sammet_0"
"family"	"family_Exiguobacterium"	0	NA	348914	0	"fervent_sammet_0"
"family"	"Methylophilaceae"	1	0.04	344047	8904107	"fervent_sammet_0"
"family"	"Peptostreptococcaceae"	0	NA	339337	0	"fervent_sammet_0"
"family"	"Sphingomonadaceae"	1	0.02	266786	16618547	"fervent_sammet_0"
"family"	"Planococcaceae"	1	0.04	253809	7245311	"fervent_sammet_0"
"family"	"Bacillaceae"	0	NA	40844	0	"fervent_sammet_0"
"family"	"Halobacteriaceae"	1	0.01	31620	4877686	"fervent_sammet_0"
"family"	"unassigned"	NA	NA	208535163	0	"fervent_sammet_0"
"genus"	"Acidovorax"	0	NA	2740980	0	"fervent_sammet_0"
"genus"	"Streptomyces"	0	NA	2097768	0	"fervent_sammet_0"
"genus"	"Massilia"	1	0.06	1851385	28873267	"fervent_sammet_0"
"genus"	"Sinorhizobium"	1	0.11	1512984	13774939	"fervent_sammet_0"
"genus"	"Phaeospirillum"	1	0.05	605940	11212086	"fervent_sammet_0"
"genus"	"Cellulomonas"	1	0.06	544574	8645721	"fervent_sammet_0"
"genus"	"Aeromicrobium"	1	0.05	518715	10494171	"fervent_sammet_0"
"genus"	"Knoellia"	0	NA	443816	0	"fervent_sammet_0"
"genus"	"Moorella"	1	0.07	382365	5136963	"fervent_sammet_0"
"genus"	"Exiguobacterium"	0	NA	348914	0	"fervent_sammet_0"
"genus"	"Peptoclostridium"	0	NA	338375	0	"fervent_sammet_0"
"genus"	"Methylophilus"	1	0.04	336152	8904107	"fervent_sammet_0"
"genus"	"Thermoanaerobacter"	1	0.05	267194	5263147	"fervent_sammet_0"
"genus"	"Rhodobacter"	1	0.03	255644	7530868	"fervent_sammet_0"
"genus"	"Sporosarcina"	1	0.04	253809	7245311	"fervent_sammet_0"
"genus"	"Aurantimonas"	0	NA	169127	0	"fervent_sammet_0"
"genus"	"Sphingomonas"	1	0.01	151415	16618547	"fervent_sammet_0"
"genus"	"Bacillus"	0	NA	40844	0	"fervent_sammet_0"
"genus"	"unassigned"	NA	NA	210854250	0	"fervent_sammet_0"
"species"	"Sinorhizobium meliloti"	1	0.11	1501192	13774939	"fervent_sammet_0"
"species"	"Massilia sp. JS1662"	0	NA	534010	0	"fervent_sammet_0"
"species"	"Moorella thermoacetica"	1	0.07	382365	5136963	"fervent_sammet_0"
"species"	"[Clostridium] sticklandii"	0	NA	119848	0	"fervent_sammet_0"
"species"	"Rhodobacter capsulatus"	1	0.01	100380	7530868	"fervent_sammet_0"
"species"	"Sporosarcina newyorkensis"	1	0	2016	7245311	"fervent_sammet_0"
"species"	"unassigned"	NA	NA	221074440	0	"fervent_sammet_0"
"superkingdom"	"Bacteria"	0.98	1	221944432	218836565	"modest_babbage_1"
"superkingdom"	"Archaea"	0.93	0.21	1109367	4877686	"modest_babbage_1"
"superkingdom"	"unassigned"	NA	NA	660452	0	"modest_babbage_1"
"phylum"	"Proteobacteria"	1	1	105664899	105919792	"modest_babbage_1"
"phylum"	"Actinobacteria"	0.93	1	59246385	55466889	"modest_babbage_1"
"phylum"	"Firmicutes"	1	0.99	56673069	57449884	"modest_babbage_1"
"phylum"	"Euryarchaeota"	0.99	0.16	802011	4877686	"modest_babbage_1"
"phylum"	"Cyanobacteria"	0	NA	102707	0	"modest_babbage_1"
"phylum"	"Bacteroidetes"	0	NA	31758	0	"modest_babbage_1"
"phylum"	"phylum_rumen bacterium NK4B9"	0	NA	16706	0	"modest_babbage_1"
"phylum"	"unassigned"	NA	NA	1176716	0	"modest_babbage_1"
"class"	"Actinobacteria"	0.93	1	59246385	55466889	"modest_babbage_1"
"class"	"Alphaproteobacteria"	1	1	56744125	56886121	"modest_babbage_1"
"class"	"Betaproteobacteria"	1	1	48847640	49033671	"modest_babbage_1"
"class"	"Clostridia"	1	0.96	39030600	40499848	"modest_babbage_1"
"class"	"Bacilli"	1	0.99	16919677	16950036	"modest_babbage_1"
"class"	"class_uncultured sludge bacterium A28"	0	NA	421177	0	"modest_babbage_1"
"class"	"Gammaproteobacteria"	0	NA	28900	0	"modest_babbage_1"
"class"	"class_rumen bacterium NK4B9"	0	NA	16706	0	"modest_babbage_1"
"class"	"Deltaproteobacteria"	0	NA	14443	0	"modest_babbage_1"
"class"	"Cytophagia"	0	NA	12978	0	"modest_babbage_1"
"class"	"Negativicutes"	0	NA	7963	0	"modest_babbage_1"
"class"	"Thermoplasmata"	0	NA	7659	0	"modest_babbage_1"
"class"	"Flavobacteriia"	0	NA	4859	0	"modest_babbage_1"
"class"	"Bacteroidia"	0	NA	4225	0	"modest_babbage_1"
"class"	"unassigned"	NA	NA	2406914	0	"modest_babbage_1"
"order"	"Actinomycetales"	1	1	55512343	55466889	"modest_babbage_1"
"order"	"Burkholderiales"	1	1	39944213	40129564	"modest_babbage_1"
"order"	"Clostridiales"	0.99	0.95	28836423	30099738	"modest_babbage_1"
"order"	"Rhizobiales"	1	0.99	21350693	21524620	"modest_babbage_1"
"order"	"Bacillales"	1	0.99	16918009	16950036	"modest_babbage_1"
"order"	"Sphingomonadales"	1	1	16566064	16618547	"modest_babbage_1"
"order"	"Rhodospirillales"	1	1	11215568	11212086	"modest_babbage_1"
"order"	"Thermoanaerobacterales"	1	0.9	9335919	10400110	"modest_babbage_1"
"order"	"Methylophilales"	1	0.99	8844969	8904107	"modest_babbage_1"
"order"	"Rhodobacterales"	1	1	7527462	7530868	"modest_babbage_1"
"order"	"order_uncultured sludge bacterium A28"	0	NA	421177	0	"modest_babbage_1"
"order"	"Acidimicrobiales"	0	NA	217094	0	"modest_babbage_1"
"order"	"order_rumen bacterium NK4B9"	0	NA	16706	0	"modest_babbage_1"
"order"	"Cytophagales"	0	NA	12978	0	"modest_babbage_1"
"order"	"Vibrionales"	0	NA	9894	0	"modest_babbage_1"
"order"	"Selenomonadales"	0	NA	7963	0	"modest_babbage_1"
"order"	"Enterobacteriales"	0	NA	7782	0	"modest_babbage_1"
"order"	"Thermoplasmatales"	0	NA	7659	0	"modest_babbage_1"
"order"	"Bacteroidales"	0	NA	4225	0	"modest_babbage_1"
"order"	"Flavobacteriales"	0	NA	3603	0	"modest_babbage_1"
"order"	"Legionellales"	0	NA	3222	0	"modest_babbage_1"
"order"	"order_Polymorphum gilvum"	0	NA	1047	0	"modest_babbage_1"
"order"	"unassigned"	NA	NA	6949238	0	"modest_babbage_1"
"family"	"Oxalobacteraceae"	1	0.95	27516592	28873267	"modest_babbage_1"
"family"	"Streptomycetaceae"	1	0.99	18330881	18428033	"modest_babbage_1"
"family"	"Sphingomonadaceae"	1	0.98	16367081	16618547	"modest_babbage_1"
"family"	"Peptostreptococcaceae"	0	NA	14525441	0	"modest_babbage_1"
"family"	"Clostridiales Family XVI. Incertae Sedis"	1	0.94	14033746	14888857	"modest_babbage_1"
"family"	"Rhizobiaceae"	1	0.96	13208306	13774939	"modest_babbage_1"
"family"	"Comamonadaceae"	1	0.99	11193596	11256297	"modest_babbage_1"
"family"	"Rhodospirillaceae"	1	1	11189339	11212086	"modest_babbage_1"
"family"	"family_Exiguobacterium"	0	NA	9677104	0	"modest_babbage_1"
"family"	"Thermoanaerobacteraceae"	1	0.88	9210848	10400110	"modest_babbage_1"
"family"	"Promicromonosporaceae"	0	NA	8846441	0	"modest_babbage_1"
"family"	"Intrasporangiaceae"	0.96	0.97	8821581	8785183	"modest_babbage_1"
"family"	"Methylophilaceae"	1	0.99	8815552	8904107	"modest_babbage_1"
"family"	"Cellulomonadaceae"	1	0.49	8623421	17759502	"modest_babbage_1"
"family"	"Aurantimonadaceae"	1	0.99	7685398	7749681	"modest_babbage_1"
"family"	"Rhodobacteraceae"	1	1	7503918	7530868	"modest_babbage_1"
"family"	"Planococcaceae"	1	0.96	6929884	7245311	"modest_babbage_1"
"family"	"Nocardioidaceae"	0.99	0.62	6586912	10494171	"modest_babbage_1"
"family"	"Burkholderiaceae"	0	NA	882374	0	"modest_babbage_1"
"family"	"family_uncultured sludge bacterium A28"	0	NA	421177	0	"modest_babbage_1"
"family"	"Propionibacteriaceae"	0	NA	311630	0	"modest_babbage_1"
"family"	"Acidimicrobiaceae"	0	NA	217094	0	"modest_babbage_1"
"family"	"Clostridiaceae"	0	NA	176100	0	"modest_babbage_1"
"family"	"Pseudonocardiaceae"	0	NA	141336	0	"modest_babbage_1"
"family"	"Microbacteriaceae"	0	NA	39707	0	"modest_babbage_1"
"family"	"Bradyrhizobiaceae"	0	NA	38103	0	"modest_babbage_1"
"family"	"Phyllobacteriaceae"	0	NA	30160	0	"modest_babbage_1"
"family"	"Bacillaceae"	0	NA	17129	0	"modest_babbage_1"
"family"	"family_rumen bacterium NK4B9"	0	NA	16706	0	"modest_babbage_1"
"family"	"Mycobacteriaceae"	0	NA	14314	0	"modest_babbage_1"
"family"	"Ruminococcaceae"	0	NA	13819	0	"modest_babbage_1"
"family"	"Cytophagaceae"	0	NA	10416	0	"modest_babbage_1"
"family"	"Methylobacteriaceae"	0	NA	9667	0	"modest_babbage_1"
"family"	"Enterobacteriaceae"	0	NA	7782	0	"modest_babbage_1"
"family"	"Vibrionaceae"	0	NA	7591	0	"modest_babbage_1"
"family"	"Veillonellaceae"	0	NA	6842	0	"modest_babbage_1"
"family"	"Porphyromonadaceae"	0	NA	4225	0	"modest_babbage_1"
"family"	"Flavobacteriaceae"	0	NA	3603	0	"modest_babbage_1"
"family"	"Legionellaceae"	0	NA	3222	0	"modest_babbage_1"
"family"	"Paenibacillaceae"	0	NA	2016	0	"modest_babbage_1"
"family"	"Nocardiaceae"	0	NA	1411	0	"modest_babbage_1"
"family"	"family_Polymorphum gilvum"	0	NA	1047	0	"modest_babbage_1"
"family"	"unassigned"	NA	NA	12270739	0	"modest_babbage_1"
"genus"	"Massilia"	1	0.92	26647755	28873267	"modest_babbage_1"
"genus"	"Streptomyces"	0	NA	18303588	0	"modest_babbage_1"
"genus"	"Sphingomonas"	1	0.96	15929079	16618547	"modest_babbage_1"
"genus"	"Peptoclostridium"	0	NA	14461311	0	"modest_babbage_1"
"genus"	"Carboxydocella"	1	0.94	14033746	14888857	"modest_babbage_1"
"genus"	"Sinorhizobium"	1	0.94	12958884	13774939	"modest_babbage_1"
"genus"	"Acidovorax"	0	NA	11190386	0	"modest_babbage_1"
"genus"	"Phaeospirillum"	1	0.96	10776888	11212086	"modest_babbage_1"
"genus"	"Exiguobacterium"	0	NA	9677104	0	"modest_babbage_1"
"genus"	"Methylotenera"	0	NA	8725935	0	"modest_babbage_1"
"genus"	"Aurantimonas"	0	NA	7685398	0	"modest_babbage_1"
"genus"	"Sporosarcina"	1	0.95	6901893	7245311	"modest_babbage_1"
"genus"	"Cellulomonas"	1	0.79	6859510	8645721	"modest_babbage_1"
"genus"	"Moorella"	1	1	5120395	5136963	"modest_babbage_1"
"genus"	"Paracoccus"	0	NA	4841289	0	"modest_babbage_1"
"genus"	"Thermoanaerobacter"	1	0.73	3827172	5263147	"modest_babbage_1"
"genus"	"Rhodobacter"	1	0.3	2231915	7530868	"modest_babbage_1"
"genus"	"Herbaspirillum"	0	NA	758044	0	"modest_babbage_1"
"genus"	"Nocardioides"	0	NA	662976	0	"modest_babbage_1"
"genus"	"Sphingobium"	0	NA	428106	0	"modest_babbage_1"
"genus"	"genus_uncultured sludge bacterium A28"	0	NA	421177	0	"modest_babbage_1"
"genus"	"Propionibacterium"	0	NA	295608	0	"modest_babbage_1"
"genus"	"Magnetospirillum"	0	NA	265186	0	"modest_babbage_1"
"genus"	"Methylophilus"	1	0.01	87333	8904107	"modest_babbage_1"
"genus"	"Clostridium"	0	NA	83698	0	"modest_babbage_1"
"genus"	"Caloranaerobacter"	0	NA	79753	0	"modest_babbage_1"
"genus"	"Leifsonia"	0	NA	39707	0	"modest_babbage_1"
"genus"	"Intestinibacter"	0	NA	34794	0	"modest_babbage_1"
"genus"	"Mesorhizobium"	0	NA	30160	0	"modest_babbage_1"
"genus"	"Agrobacterium"	0	NA	17565	0	"modest_babbage_1"
"genus"	"Bacillus"	0	NA	17129	0	"modest_babbage_1"
"genus"	"genus_rumen bacterium NK4B9"	0	NA	16706	0	"modest_babbage_1"
"genus"	"Isoptericola"	0	NA	12145	0	"modest_babbage_1"
"genus"	"Mycobacterium"	0	NA	10709	0	"modest_babbage_1"
"genus"	"Rahnella"	0	NA	7782	0	"modest_babbage_1"
"genus"	"Vibrio"	0	NA	7591	0	"modest_babbage_1"
"genus"	"Xylanimonas"	0	NA	6142	0	"modest_babbage_1"
"genus"	"Saccharothrix"	0	NA	4479	0	"modest_babbage_1"
"genus"	"Porphyromonas"	0	NA	4225	0	"modest_babbage_1"
"genus"	"Aeromicrobium"	1	0	3441	10494171	"modest_babbage_1"
"genus"	"Knoellia"	0	NA	2666	0	"modest_babbage_1"
"genus"	"genus_Flavobacteriaceae bacterium 3519-10"	0	NA	2116	0	"modest_babbage_1"
"genus"	"Legionella"	0	NA	1929	0	"modest_babbage_1"
"genus"	"Formosa"	0	NA	1487	0	"modest_babbage_1"
"genus"	"Nocardia"	0	NA	1411	0	"modest_babbage_1"
"genus"	"Peptostreptococcus"	0	NA	1147	0	"modest_babbage_1"
"genus"	"genus_Polymorphum gilvum"	0	NA	1047	0	"modest_babbage_1"
"genus"	"unassigned"	NA	NA	40235744	0	"modest_babbage_1"
"species"	"Massilia sp. JS1662"	0	NA	26486981	0	"modest_babbage_1"
"species"	"Sphingomonas wittichii"	0	NA	15821366	0	"modest_babbage_1"
"species"	"Streptomyces griseus"	0	NA	14417662	0	"modest_babbage_1"
"species"	"[Clostridium] sticklandii"	0	NA	14337747	0	"modest_babbage_1"
"species"	"Carboxydocella ferrireducens"	0	NA	14033746	0	"modest_babbage_1"
"species"	"Sinorhizobium meliloti"	1	0.84	11545721	13774939	"modest_babbage_1"
"species"	"Phaeospirillum fulvum"	1	0.95	10619956	11212086	"modest_babbage_1"
"species"	"Acidovorax radicis"	0	NA	10182409	0	"modest_babbage_1"
"species"	"Exiguobacterium antarcticum"	0	NA	9124654	0	"modest_babbage_1"
"species"	"Methylotenera mobilis"	0	NA	8725935	0	"modest_babbage_1"
"species"	"Aurantimonas coralicida"	0	NA	7685398	0	"modest_babbage_1"
"species"	"Sporosarcina ureae"	0	NA	5497957	0	"modest_babbage_1"
"species"	"Moorella thermoacetica"	1	1	5120395	5136963	"modest_babbage_1"
"species"	"Paracoccus denitrificans"	0	NA	4643664	0	"modest_babbage_1"
"species"	"Cellulomonas fimi"	0	NA	3577569	0	"modest_babbage_1"
"species"	"Rhodobacter capsulatus"	1	0.3	2231915	7530868	"modest_babbage_1"
"species"	"Thermoanaerobacter brockii"	0	NA	2126712	0	"modest_babbage_1"
"species"	"Streptomyces sp. W007"	0	NA	1327668	0	"modest_babbage_1"
"species"	"Acidovorax sp. KKS102"	0	NA	993178	0	"modest_babbage_1"
"species"	"Sporosarcina newyorkensis"	1	0.14	985139	7245311	"modest_babbage_1"
"species"	"Herbaspirillum seropedicae"	0	NA	758044	0	"modest_babbage_1"
"species"	"Nocardioides sp. JS614"	0	NA	662976	0	"modest_babbage_1"
"species"	"uncultured sludge bacterium A28"	0	NA	421177	0	"modest_babbage_1"
"species"	"Thermoanaerobacter wiegelii"	0	NA	331072	0	"modest_babbage_1"
"species"	"Magnetospirillum magneticum"	0	NA	265186	0	"modest_babbage_1"
"species"	"Phaeospirillum molischianum"	0	NA	143818	0	"modest_babbage_1"
"species"	"Thermoanaerobacter pseudethanolicus"	0	NA	121202	0	"modest_babbage_1"
"species"	"Caloranaerobacter azorensis"	0	NA	79753	0	"modest_babbage_1"
"species"	"Clostridium tetani"	0	NA	77061	0	"modest_babbage_1"
"species"	"Thermoanaerobacter thermohydrosulfuricus"	1	0.01	63524	5263147	"modest_babbage_1"
"species"	"Intestinibacter bartlettii"	0	NA	34794	0	"modest_babbage_1"
"species"	"Mesorhizobium loti"	0	NA	30160	0	"modest_babbage_1"
"species"	"[Clostridium] sordellii"	0	NA	29175	0	"modest_babbage_1"
"species"	"Sinorhizobium fredii"	0	NA	17834	0	"modest_babbage_1"
"species"	"rumen bacterium NK4B9"	0	NA	16706	0	"modest_babbage_1"
"species"	"Isoptericola variabilis"	0	NA	12145	0	"modest_babbage_1"
"species"	"Mycobacterium neoaurum"	0	NA	9573	0	"modest_babbage_1"
"species"	"Thermoanaerobacter sp. X514"	0	NA	9517	0	"modest_babbage_1"
"species"	"Vibrio gazogenes"	0	NA	7591	0	"modest_babbage_1"
"species"	"Xylanimonas cellulosilytica"	0	NA	6142	0	"modest_babbage_1"
"species"	"Rahnella sp. WP5"	0	NA	5993	0	"modest_babbage_1"
"species"	"Saccharothrix espanaensis"	0	NA	4479	0	"modest_babbage_1"
"species"	"Clostridium sp. Dex60-28"	0	NA	3712	0	"modest_babbage_1"
"species"	"Aeromicrobium marinum"	0	NA	3441	0	"modest_babbage_1"
"species"	"[Eubacterium] yurii"	0	NA	3320	0	"modest_babbage_1"
"species"	"Porphyromonas gingivalis"	0	NA	3150	0	"modest_babbage_1"
"species"	"Propionibacterium propionicum"	0	NA	2125	0	"modest_babbage_1"
"species"	"Flavobacteriaceae bacterium 3519-10"	0	NA	2116	0	"modest_babbage_1"
"species"	"Rahnella aquatilis"	0	NA	1789	0	"modest_babbage_1"
"species"	"Formosa sp. AK20"	0	NA	1487	0	"modest_babbage_1"
"species"	"Nocardia cyriacigeorgica"	0	NA	1411	0	"modest_babbage_1"
"species"	"Peptostreptococcus stomatis"	0	NA	1147	0	"modest_babbage_1"
"species"	"Porphyromonas crevioricanis"	0	NA	1075	0	"modest_babbage_1"
"species"	"Polymorphum gilvum"	0	NA	1047	0	"modest_babbage_1"
"species"	"unassigned"	NA	NA	51094737	0	"modest_babbage_1"
"superkingdom"	"Bacteria"	0.98	1	221944432	218836565	"modest_babbage_2"
"superkingdom"	"Archaea"	0.93	0.21	1109367	4877686	"modest_babbage_2"
"superkingdom"	"unassigned"	NA	NA	660452	0	"modest_babbage_2"
"phylum"	"Proteobacteria"	1	1	105664899	105919792	"modest_babbage_2"
"phylum"	"Actinobacteria"	0.93	1	59246385	55466889	"modest_babbage_2"
"phylum"	"Firmicutes"	1	0.99	56673069	57449884	"modest_babbage_2"
"phylum"	"Euryarchaeota"	0.99	0.16	802011	4877686	"modest_babbage_2"
"phylum"	"Cyanobacteria"	0	NA	102707	0	"modest_babbage_2"
"phylum"	"Bacteroidetes"	0	NA	31758	0	"modest_babbage_2"
"phylum"	"phylum_rumen bacterium NK4B9"	0	NA	16706	0	"modest_babbage_2"
"phylum"	"unassigned"	NA	NA	1176716	0	"modest_babbage_2"
"class"	"Actinobacteria"	0.93	1	59246385	55466889	"modest_babbage_2"
"class"	"Alphaproteobacteria"	1	1	56744125	56886121	"modest_babbage_2"
"class"	"Betaproteobacteria"	1	1	48847640	49033671	"modest_babbage_2"
"class"	"Clostridia"	1	0.96	39030600	40499848	"modest_babbage_2"
"class"	"Bacilli"	1	0.99	16919677	16950036	"modest_babbage_2"
"class"	"class_uncultured sludge bacterium A28"	0	NA	421177	0	"modest_babbage_2"
"class"	"Gammaproteobacteria"	0	NA	28900	0	"modest_babbage_2"
"class"	"class_rumen bacterium NK4B9"	0	NA	16706	0	"modest_babbage_2"
"class"	"Deltaproteobacteria"	0	NA	14443	0	"modest_babbage_2"
"class"	"Cytophagia"	0	NA	12978	0	"modest_babbage_2"
"class"	"Negativicutes"	0	NA	7963	0	"modest_babbage_2"
"class"	"Thermoplasmata"	0	NA	7659	0	"modest_babbage_2"
"class"	"Flavobacteriia"	0	NA	4859	0	"modest_babbage_2"
"class"	"Bacteroidia"	0	NA	4225	0	"modest_babbage_2"
"class"	"unassigned"	NA	NA	2406914	0	"modest_babbage_2"
"order"	"Actinomycetales"	1	1	55512343	55466889	"modest_babbage_2"
"order"	"Burkholderiales"	1	1	39944213	40129564	"modest_babbage_2"
"order"	"Clostridiales"	0.99	0.95	28836423	30099738	"modest_babbage_2"
"order"	"Rhizobiales"	1	0.99	21350693	21524620	"modest_babbage_2"
"order"	"Bacillales"	1	0.99	16918009	16950036	"modest_babbage_2"
"order"	"Sphingomonadales"	1	1	16566064	16618547	"modest_babbage_2"
"order"	"Rhodospirillales"	1	1	11215568	11212086	"modest_babbage_2"
"order"	"Thermoanaerobacterales"	1	0.9	9335919	10400110	"modest_babbage_2"
"order"	"Methylophilales"	1	0.99	8844969	8904107	"modest_babbage_2"
"order"	"Rhodobacterales"	1	1	7527462	7530868	"modest_babbage_2"
"order"	"order_uncultured sludge bacterium A28"	0	NA	421177	0	"modest_babbage_2"
"order"	"Acidimicrobiales"	0	NA	217094	0	"modest_babbage_2"
"order"	"order_rumen bacterium NK4B9"	0	NA	16706	0	"modest_babbage_2"
"order"	"Cytophagales"	0	NA	12978	0	"modest_babbage_2"
"order"	"Vibrionales"	0	NA	9894	0	"modest_babbage_2"
"order"	"Selenomonadales"	0	NA	7963	0	"modest_babbage_2"
"order"	"Enterobacteriales"	0	NA	7782	0	"modest_babbage_2"
"order"	"Thermoplasmatales"	0	NA	7659	0	"modest_babbage_2"
"order"	"Bacteroidales"	0	NA	4225	0	"modest_babbage_2"
"order"	"Flavobacteriales"	0	NA	3603	0	"modest_babbage_2"
"order"	"Legionellales"	0	NA	3222	0	"modest_babbage_2"
"order"	"order_Polymorphum gilvum"	0	NA	1047	0	"modest_babbage_2"
"order"	"unassigned"	NA	NA	6949238	0	"modest_babbage_2"
"family"	"Oxalobacteraceae"	1	0.95	27516592	28873267	"modest_babbage_2"
"family"	"Streptomycetaceae"	1	0.99	18330881	18428033	"modest_babbage_2"
"family"	"Sphingomonadaceae"	1	0.98	16367081	16618547	"modest_babbage_2"
"family"	"Peptostreptococcaceae"	0	NA	14525441	0	"modest_babbage_2"
"family"	"Clostridiales Family XVI. Incertae Sedis"	1	0.94	14033746	14888857	"modest_babbage_2"
"family"	"Rhizobiaceae"	1	0.96	13208306	13774939	"modest_babbage_2"
"family"	"Comamonadaceae"	1	0.99	11193596	11256297	"modest_babbage_2"
"family"	"Rhodospirillaceae"	1	1	11189339	11212086	"modest_babbage_2"
"family"	"family_Exiguobacterium"	0	NA	9677104	0	"modest_babbage_2"
"family"	"Thermoanaerobacteraceae"	1	0.88	9210848	10400110	"modest_babbage_2"
"family"	"Promicromonosporaceae"	0	NA	8846441	0	"modest_babbage_2"
"family"	"Intrasporangiaceae"	0.96	0.97	8821581	8785183	"modest_babbage_2"
"family"	"Methylophilaceae"	1	0.99	8815552	8904107	"modest_babbage_2"
"family"	"Cellulomonadaceae"	1	0.49	8623421	17759502	"modest_babbage_2"
"family"	"Aurantimonadaceae"	1	0.99	7685398	7749681	"modest_babbage_2"
"family"	"Rhodobacteraceae"	1	1	7503918	7530868	"modest_babbage_2"
"family"	"Planococcaceae"	1	0.96	6929884	7245311	"modest_babbage_2"
"family"	"Nocardioidaceae"	0.99	0.62	6586912	10494171	"modest_babbage_2"
"family"	"Burkholderiaceae"	0	NA	882374	0	"modest_babbage_2"
"family"	"family_uncultured sludge bacterium A28"	0	NA	421177	0	"modest_babbage_2"
"family"	"Propionibacteriaceae"	0	NA	311630	0	"modest_babbage_2"
"family"	"Acidimicrobiaceae"	0	NA	217094	0	"modest_babbage_2"
"family"	"Clostridiaceae"	0	NA	176100	0	"modest_babbage_2"
"family"	"Pseudonocardiaceae"	0	NA	141336	0	"modest_babbage_2"
"family"	"Microbacteriaceae"	0	NA	39707	0	"modest_babbage_2"
"family"	"Bradyrhizobiaceae"	0	NA	38103	0	"modest_babbage_2"
"family"	"Phyllobacteriaceae"	0	NA	30160	0	"modest_babbage_2"
"family"	"Bacillaceae"	0	NA	17129	0	"modest_babbage_2"
"family"	"family_rumen bacterium NK4B9"	0	NA	16706	0	"modest_babbage_2"
"family"	"Mycobacteriaceae"	0	NA	14314	0	"modest_babbage_2"
"family"	"Ruminococcaceae"	0	NA	13819	0	"modest_babbage_2"
"family"	"Cytophagaceae"	0	NA	10416	0	"modest_babbage_2"
"family"	"Methylobacteriaceae"	0	NA	9667	0	"modest_babbage_2"
"family"	"Enterobacteriaceae"	0	NA	7782	0	"modest_babbage_2"
"family"	"Vibrionaceae"	0	NA	7591	0	"modest_babbage_2"
"family"	"Veillonellaceae"	0	NA	6842	0	"modest_babbage_2"
"family"	"Porphyromonadaceae"	0	NA	4225	0	"modest_babbage_2"
"family"	"Flavobacteriaceae"	0	NA	3603	0	"modest_babbage_2"
"family"	"Legionellaceae"	0	NA	3222	0	"modest_babbage_2"
"family"	"Paenibacillaceae"	0	NA	2016	0	"modest_babbage_2"
"family"	"Nocardiaceae"	0	NA	1411	0	"modest_babbage_2"
"family"	"family_Polymorphum gilvum"	0	NA	1047	0	"modest_babbage_2"
"family"	"unassigned"	NA	NA	12270739	0	"modest_babbage_2"
"genus"	"Massilia"	1	0.92	26647755	28873267	"modest_babbage_2"
"genus"	"Streptomyces"	0	NA	18303588	0	"modest_babbage_2"
"genus"	"Sphingomonas"	1	0.96	15929079	16618547	"modest_babbage_2"
"genus"	"Peptoclostridium"	0	NA	14461311	0	"modest_babbage_2"
"genus"	"Carboxydocella"	1	0.94	14033746	14888857	"modest_babbage_2"
"genus"	"Sinorhizobium"	1	0.94	12958884	13774939	"modest_babbage_2"
"genus"	"Acidovorax"	0	NA	11190386	0	"modest_babbage_2"
"genus"	"Phaeospirillum"	1	0.96	10776888	11212086	"modest_babbage_2"
"genus"	"Exiguobacterium"	0	NA	9677104	0	"modest_babbage_2"
"genus"	"Methylotenera"	0	NA	8725935	0	"modest_babbage_2"
"genus"	"Aurantimonas"	0	NA	7685398	0	"modest_babbage_2"
"genus"	"Sporosarcina"	1	0.95	6901893	7245311	"modest_babbage_2"
"genus"	"Cellulomonas"	1	0.79	6859510	8645721	"modest_babbage_2"
"genus"	"Moorella"	1	1	5120395	5136963	"modest_babbage_2"
"genus"	"Paracoccus"	0	NA	4841289	0	"modest_babbage_2"
"genus"	"Thermoanaerobacter"	1	0.73	3827172	5263147	"modest_babbage_2"
"genus"	"Rhodobacter"	1	0.3	2231915	7530868	"modest_babbage_2"
"genus"	"Herbaspirillum"	0	NA	758044	0	"modest_babbage_2"
"genus"	"Nocardioides"	0	NA	662976	0	"modest_babbage_2"
"genus"	"Sphingobium"	0	NA	428106	0	"modest_babbage_2"
"genus"	"genus_uncultured sludge bacterium A28"	0	NA	421177	0	"modest_babbage_2"
"genus"	"Propionibacterium"	0	NA	295608	0	"modest_babbage_2"
"genus"	"Magnetospirillum"	0	NA	265186	0	"modest_babbage_2"
"genus"	"Methylophilus"	1	0.01	87333	8904107	"modest_babbage_2"
"genus"	"Clostridium"	0	NA	83698	0	"modest_babbage_2"
"genus"	"Caloranaerobacter"	0	NA	79753	0	"modest_babbage_2"
"genus"	"Leifsonia"	0	NA	39707	0	"modest_babbage_2"
"genus"	"Intestinibacter"	0	NA	34794	0	"modest_babbage_2"
"genus"	"Mesorhizobium"	0	NA	30160	0	"modest_babbage_2"
"genus"	"Agrobacterium"	0	NA	17565	0	"modest_babbage_2"
"genus"	"Bacillus"	0	NA	17129	0	"modest_babbage_2"
"genus"	"genus_rumen bacterium NK4B9"	0	NA	16706	0	"modest_babbage_2"
"genus"	"Isoptericola"	0	NA	12145	0	"modest_babbage_2"
"genus"	"Mycobacterium"	0	NA	10709	0	"modest_babbage_2"
"genus"	"Rahnella"	0	NA	7782	0	"modest_babbage_2"
"genus"	"Vibrio"	0	NA	7591	0	"modest_babbage_2"
"genus"	"Xylanimonas"	0	NA	6142	0	"modest_babbage_2"
"genus"	"Saccharothrix"	0	NA	4479	0	"modest_babbage_2"
"genus"	"Porphyromonas"	0	NA	4225	0	"modest_babbage_2"
"genus"	"Aeromicrobium"	1	0	3441	10494171	"modest_babbage_2"
"genus"	"Knoellia"	0	NA	2666	0	"modest_babbage_2"
"genus"	"genus_Flavobacteriaceae bacterium 3519-10"	0	NA	2116	0	"modest_babbage_2"
"genus"	"Legionella"	0	NA	1929	0	"modest_babbage_2"
"genus"	"Formosa"	0	NA	1487	0	"modest_babbage_2"
"genus"	"Nocardia"	0	NA	1411	0	"modest_babbage_2"
"genus"	"Peptostreptococcus"	0	NA	1147	0	"modest_babbage_2"
"genus"	"genus_Polymorphum gilvum"	0	NA	1047	0	"modest_babbage_2"
"genus"	"unassigned"	NA	NA	40235744	0	"modest_babbage_2"
"species"	"Massilia sp. JS1662"	0	NA	26486981	0	"modest_babbage_2"
"species"	"Sphingomonas wittichii"	0	NA	15821366	0	"modest_babbage_2"
"species"	"Streptomyces griseus"	0	NA	14417662	0	"modest_babbage_2"
"species"	"[Clostridium] sticklandii"	0	NA	14337747	0	"modest_babbage_2"
"species"	"Carboxydocella ferrireducens"	0	NA	14033746	0	"modest_babbage_2"
"species"	"Sinorhizobium meliloti"	1	0.84	11545721	13774939	"modest_babbage_2"
"species"	"Phaeospirillum fulvum"	1	0.95	10619956	11212086	"modest_babbage_2"
"species"	"Acidovorax radicis"	0	NA	10182409	0	"modest_babbage_2"
"species"	"Exiguobacterium antarcticum"	0	NA	9124654	0	"modest_babbage_2"
"species"	"Methylotenera mobilis"	0	NA	8725935	0	"modest_babbage_2"
"species"	"Aurantimonas coralicida"	0	NA	7685398	0	"modest_babbage_2"
"species"	"Sporosarcina ureae"	0	NA	5497957	0	"modest_babbage_2"
"species"	"Moorella thermoacetica"	1	1	5120395	5136963	"modest_babbage_2"
"species"	"Paracoccus denitrificans"	0	NA	4643664	0	"modest_babbage_2"
"species"	"Cellulomonas fimi"	0	NA	3577569	0	"modest_babbage_2"
"species"	"Rhodobacter capsulatus"	1	0.3	2231915	7530868	"modest_babbage_2"
"species"	"Thermoanaerobacter brockii"	0	NA	2126712	0	"modest_babbage_2"
"species"	"Streptomyces sp. W007"	0	NA	1327668	0	"modest_babbage_2"
"species"	"Acidovorax sp. KKS102"	0	NA	993178	0	"modest_babbage_2"
"species"	"Sporosarcina newyorkensis"	1	0.14	985139	7245311	"modest_babbage_2"
"species"	"Herbaspirillum seropedicae"	0	NA	758044	0	"modest_babbage_2"
"species"	"Nocardioides sp. JS614"	0	NA	662976	0	"modest_babbage_2"
"species"	"uncultured sludge bacterium A28"	0	NA	421177	0	"modest_babbage_2"
"species"	"Thermoanaerobacter wiegelii"	0	NA	331072	0	"modest_babbage_2"
"species"	"Magnetospirillum magneticum"	0	NA	265186	0	"modest_babbage_2"
"species"	"Phaeospirillum molischianum"	0	NA	143818	0	"modest_babbage_2"
"species"	"Thermoanaerobacter pseudethanolicus"	0	NA	121202	0	"modest_babbage_2"
"species"	"Caloranaerobacter azorensis"	0	NA	79753	0	"modest_babbage_2"
"species"	"Clostridium tetani"	0	NA	77061	0	"modest_babbage_2"
"species"	"Thermoanaerobacter thermohydrosulfuricus"	1	0.01	63524	5263147	"modest_babbage_2"
"species"	"Intestinibacter bartlettii"	0	NA	34794	0	"modest_babbage_2"
"species"	"Mesorhizobium loti"	0	NA	30160	0	"modest_babbage_2"
"species"	"[Clostridium] sordellii"	0	NA	29175	0	"modest_babbage_2"
"species"	"Sinorhizobium fredii"	0	NA	17834	0	"modest_babbage_2"
"species"	"rumen bacterium NK4B9"	0	NA	16706	0	"modest_babbage_2"
"species"	"Isoptericola variabilis"	0	NA	12145	0	"modest_babbage_2"
"species"	"Mycobacterium neoaurum"	0	NA	9573	0	"modest_babbage_2"
"species"	"Thermoanaerobacter sp. X514"	0	NA	9517	0	"modest_babbage_2"
"species"	"Vibrio gazogenes"	0	NA	7591	0	"modest_babbage_2"
"species"	"Xylanimonas cellulosilytica"	0	NA	6142	0	"modest_babbage_2"
"species"	"Rahnella sp. WP5"	0	NA	5993	0	"modest_babbage_2"
"species"	"Saccharothrix espanaensis"	0	NA	4479	0	"modest_babbage_2"
"species"	"Clostridium sp. Dex60-28"	0	NA	3712	0	"modest_babbage_2"
"species"	"Aeromicrobium marinum"	0	NA	3441	0	"modest_babbage_2"
"species"	"[Eubacterium] yurii"	0	NA	3320	0	"modest_babbage_2"
"species"	"Porphyromonas gingivalis"	0	NA	3150	0	"modest_babbage_2"
"species"	"Propionibacterium propionicum"	0	NA	2125	0	"modest_babbage_2"
"species"	"Flavobacteriaceae bacterium 3519-10"	0	NA	2116	0	"modest_babbage_2"
"species"	"Rahnella aquatilis"	0	NA	1789	0	"modest_babbage_2"
"species"	"Formosa sp. AK20"	0	NA	1487	0	"modest_babbage_2"
"species"	"Nocardia cyriacigeorgica"	0	NA	1411	0	"modest_babbage_2"
"species"	"Peptostreptococcus stomatis"	0	NA	1147	0	"modest_babbage_2"
"species"	"Porphyromonas crevioricanis"	0	NA	1075	0	"modest_babbage_2"
"species"	"Polymorphum gilvum"	0	NA	1047	0	"modest_babbage_2"
"species"	"unassigned"	NA	NA	51094737	0	"modest_babbage_2"
"superkingdom"	"Bacteria"	1	0.5	109396631	218836565	"modest_babbage_4"
"superkingdom"	"Archaea"	0	0	8639	4877686	"modest_babbage_4"
"superkingdom"	"unassigned"	NA	NA	114308981	0	"modest_babbage_4"
"phylum"	"Proteobacteria"	1	0.44	47105805	105919792	"modest_babbage_4"
"phylum"	"Actinobacteria"	0.97	0.44	25086187	55466889	"modest_babbage_4"
"phylum"	"Firmicutes"	1	0.41	23719444	57449884	"modest_babbage_4"
"phylum"	"Cyanobacteria"	0	NA	2663	0	"modest_babbage_4"
"phylum"	"unassigned"	NA	NA	127800152	0	"modest_babbage_4"
"class"	"Alphaproteobacteria"	1	0.48	27227138	56886121	"modest_babbage_4"
"class"	"Actinobacteria"	0.97	0.44	25086187	55466889	"modest_babbage_4"
"class"	"Betaproteobacteria"	1	0.39	19161669	49033671	"modest_babbage_4"
"class"	"Clostridia"	1	0.27	11126255	40499848	"modest_babbage_4"
"class"	"Bacilli"	1	0.62	10521950	16950036	"modest_babbage_4"
"class"	"class_uncultured sludge bacterium A28"	0	NA	174087	0	"modest_babbage_4"
"class"	"unassigned"	NA	NA	130416965	0	"modest_babbage_4"
"order"	"Actinomycetales"	0.97	0.44	25086187	55466889	"modest_babbage_4"
"order"	"Burkholderiales"	1	0.35	14130998	40129564	"modest_babbage_4"
"order"	"Bacillales"	1	0.61	10417969	16950036	"modest_babbage_4"
"order"	"Rhizobiales"	1	0.38	8157143	21524620	"modest_babbage_4"
"order"	"Clostridiales"	1	0.27	8141276	30099738	"modest_babbage_4"
"order"	"Sphingomonadales"	1	0.47	7891706	16618547	"modest_babbage_4"
"order"	"Rhodospirillales"	1	0.51	5704107	11212086	"modest_babbage_4"
"order"	"Methylophilales"	1	0.54	4796481	8904107	"modest_babbage_4"
"order"	"Rhodobacterales"	1	0.59	4466407	7530868	"modest_babbage_4"
"order"	"Thermoanaerobacterales"	1	0.26	2737032	10400110	"modest_babbage_4"
"order"	"order_uncultured sludge bacterium A28"	0	NA	174087	0	"modest_babbage_4"
"order"	"unassigned"	NA	NA	132010858	0	"modest_babbage_4"
"family"	"Sphingomonadaceae"	1	0.47	7891706	16618547	"modest_babbage_4"
"family"	"family_Exiguobacterium"	0	NA	7880040	0	"modest_babbage_4"
"family"	"Peptostreptococcaceae"	0	NA	7853207	0	"modest_babbage_4"
"family"	"Comamonadaceae"	1	0.59	6655027	11256297	"modest_babbage_4"
"family"	"Rhodospirillaceae"	1	0.49	5536022	11212086	"modest_babbage_4"
"family"	"Streptomycetaceae"	1	0.28	5087076	18428033	"modest_babbage_4"
"family"	"Oxalobacteraceae"	1	0.18	5058134	28873267	"modest_babbage_4"
"family"	"Methylophilaceae"	1	0.54	4796481	8904107	"modest_babbage_4"
"family"	"Rhodobacteraceae"	1	0.59	4466407	7530868	"modest_babbage_4"
"family"	"Cellulomonadaceae"	1	0.23	4091657	17759502	"modest_babbage_4"
"family"	"Rhizobiaceae"	1	0.25	3436080	13774939	"modest_babbage_4"
"family"	"Thermoanaerobacteraceae"	1	0.26	2737032	10400110	"modest_babbage_4"
"family"	"Intrasporangiaceae"	1	0.24	2113871	8785183	"modest_babbage_4"
"family"	"Planococcaceae"	1	0.17	1195643	7245311	"modest_babbage_4"
"family"	"Nocardioidaceae"	0.44	0.04	971936	10494171	"modest_babbage_4"
"family"	"Burkholderiaceae"	0	NA	431867	0	"modest_babbage_4"
"family"	"Clostridiales Family XVI. Incertae Sedis"	1	0.02	288069	14888857	"modest_babbage_4"
"family"	"Aurantimonadaceae"	1	0.03	256280	7749681	"modest_babbage_4"
"family"	"family_uncultured sludge bacterium A28"	0	NA	174087	0	"modest_babbage_4"
"family"	"Bacillaceae"	0	NA	31955	0	"modest_babbage_4"
"family"	"unassigned"	NA	NA	152761674	0	"modest_babbage_4"
"genus"	"Sphingomonas"	1	0.47	7891706	16618547	"modest_babbage_4"
"genus"	"Exiguobacterium"	0	NA	7880040	0	"modest_babbage_4"
"genus"	"Peptoclostridium"	0	NA	7853207	0	"modest_babbage_4"
"genus"	"Acidovorax"	0	NA	5794451	0	"modest_babbage_4"
"genus"	"Streptomyces"	0	NA	4946895	0	"modest_babbage_4"
"genus"	"Rhodobacter"	1	0.59	4466407	7530868	"modest_babbage_4"
"genus"	"Cellulomonas"	1	0.47	4067408	8645721	"modest_babbage_4"
"genus"	"Sinorhizobium"	1	0.25	3410457	13774939	"modest_babbage_4"
"genus"	"Magnetospirillum"	0	NA	3348342	0	"modest_babbage_4"
"genus"	"Massilia"	1	0.12	3323295	28873267	"modest_babbage_4"
"genus"	"Methylophilus"	1	0.27	2402671	8904107	"modest_babbage_4"
"genus"	"Moorella"	1	0.44	2241221	5136963	"modest_babbage_4"
"genus"	"Knoellia"	0	NA	1736985	0	"modest_babbage_4"
"genus"	"Methylotenera"	0	NA	1672842	0	"modest_babbage_4"
"genus"	"Sporosarcina"	1	0.17	1195643	7245311	"modest_babbage_4"
"genus"	"Phaeospirillum"	1	0.09	976416	11212086	"modest_babbage_4"
"genus"	"Nocardioides"	0	NA	961419	0	"modest_babbage_4"
"genus"	"Thermoanaerobacter"	1	0.09	495811	5263147	"modest_babbage_4"
"genus"	"Carboxydocella"	1	0.02	288069	14888857	"modest_babbage_4"
"genus"	"Aurantimonas"	0	NA	256280	0	"modest_babbage_4"
"genus"	"Herbaspirillum"	0	NA	246653	0	"modest_babbage_4"
"genus"	"genus_uncultured sludge bacterium A28"	0	NA	174087	0	"modest_babbage_4"
"genus"	"Telluria"	0	NA	87163	0	"modest_babbage_4"
"genus"	"Bacillus"	0	NA	31955	0	"modest_babbage_4"
"genus"	"Oerskovia"	1	0	24249	9113781	"modest_babbage_4"
"genus"	"Aeromicrobium"	1	0	10517	10494171	"modest_babbage_4"
"genus"	"unassigned"	NA	NA	157930062	0	"modest_babbage_4"
"species"	"[Clostridium] sticklandii"	0	NA	7853207	0	"modest_babbage_4"
"species"	"Sphingomonas wittichii"	0	NA	6870045	0	"modest_babbage_4"
"species"	"Rhodobacter capsulatus"	1	0.59	4466407	7530868	"modest_babbage_4"
"species"	"Massilia sp. JS1662"	0	NA	3323295	0	"modest_babbage_4"
"species"	"Sinorhizobium meliloti"	1	0.24	3321501	13774939	"modest_babbage_4"
"species"	"Magnetospirillum magneticum"	0	NA	3077653	0	"modest_babbage_4"
"species"	"Acidovorax radicis"	0	NA	2926681	0	"modest_babbage_4"
"species"	"Exiguobacterium antarcticum"	0	NA	2560820	0	"modest_babbage_4"
"species"	"Streptomyces griseus"	0	NA	2537018	0	"modest_babbage_4"
"species"	"Methylophilus sp. OH31"	0	NA	2402671	0	"modest_babbage_4"
"species"	"Moorella thermoacetica"	1	0.44	2241221	5136963	"modest_babbage_4"
"species"	"Methylotenera mobilis"	0	NA	1470499	0	"modest_babbage_4"
"species"	"Acidovorax sp. KKS102"	0	NA	1246404	0	"modest_babbage_4"
"species"	"Phaeospirillum fulvum"	1	0.09	961681	11212086	"modest_babbage_4"
"species"	"Nocardioides sp. JS614"	0	NA	961419	0	"modest_babbage_4"
"species"	"Sporosarcina ureae"	0	NA	500286	0	"modest_babbage_4"
"species"	"Cellulomonas fimi"	0	NA	448672	0	"modest_babbage_4"
"species"	"Sporosarcina newyorkensis"	1	0.06	439849	7245311	"modest_babbage_4"
"species"	"Carboxydocella ferrireducens"	0	NA	288069	0	"modest_babbage_4"
"species"	"Streptomyces sp. W007"	0	NA	264474	0	"modest_babbage_4"
"species"	"Aurantimonas coralicida"	0	NA	256280	0	"modest_babbage_4"
"species"	"Herbaspirillum seropedicae"	0	NA	246653	0	"modest_babbage_4"
"species"	"uncultured sludge bacterium A28"	0	NA	174087	0	"modest_babbage_4"
"species"	"uncultured Telluria sp."	0	NA	87163	0	"modest_babbage_4"
"species"	"Sinorhizobium fredii"	0	NA	76574	0	"modest_babbage_4"
"species"	"Thermoanaerobacter thermohydrosulfuricus"	1	0.01	68396	5263147	"modest_babbage_4"
"species"	"Thermoanaerobacter wiegelii"	0	NA	54041	0	"modest_babbage_4"
"species"	"Oerskovia jenensis"	0	NA	24249	0	"modest_babbage_4"
"species"	"Phaeospirillum molischianum"	0	NA	14735	0	"modest_babbage_4"
"species"	"Thermoanaerobacter sp. X514"	0	NA	14683	0	"modest_babbage_4"
"species"	"Aeromicrobium marinum"	0	NA	8991	0	"modest_babbage_4"
"species"	"Thermoanaerobacter pseudethanolicus"	0	NA	7360	0	"modest_babbage_4"
"species"	"Thermoanaerobacter brockii"	0	NA	5516	0	"modest_babbage_4"
"species"	"unassigned"	NA	NA	174513651	0	"modest_babbage_4"
"superkingdom"	"Bacteria"	1	0.95	208948320	218836565	"prickly_fermi_1"
"superkingdom"	"Archaea"	1	1	4874125	4877686	"prickly_fermi_1"
"superkingdom"	"Eukaryota"	0	NA	78130	0	"prickly_fermi_1"
"superkingdom"	"unassigned"	NA	NA	9813676	0	"prickly_fermi_1"
"phylum"	"Proteobacteria"	0.99	0.99	105616743	105919792	"prickly_fermi_1"
"phylum"	"Actinobacteria"	1	1	55361541	55466889	"prickly_fermi_1"
"phylum"	"Firmicutes"	1	0.82	46939178	57449884	"prickly_fermi_1"
"phylum"	"Euryarchaeota"	1	1	4872731	4877686	"prickly_fermi_1"
"phylum"	"Cyanobacteria"	0	NA	180204	0	"prickly_fermi_1"
"phylum"	"Streptophyta"	0	NA	57047	0	"prickly_fermi_1"
"phylum"	"Atribacteria"	0	NA	41192	0	"prickly_fermi_1"
"phylum"	"Apicomplexa"	0	NA	7246	0	"prickly_fermi_1"
"phylum"	"Chordata"	0	NA	4387	0	"prickly_fermi_1"
"phylum"	"Bacteroidetes"	0	NA	2660	0	"prickly_fermi_1"
"phylum"	"Ascomycota"	0	NA	2399	0	"prickly_fermi_1"
"phylum"	"unassigned"	NA	NA	10628923	0	"prickly_fermi_1"
"class"	"Alphaproteobacteria"	1	0.99	56442506	56886121	"prickly_fermi_1"
"class"	"Actinobacteria"	1	1	55361541	55466889	"prickly_fermi_1"
"class"	"Betaproteobacteria"	1	0.99	48600343	49033671	"prickly_fermi_1"
"class"	"Clostridia"	1	0.71	28682413	40499848	"prickly_fermi_1"
"class"	"Bacilli"	0.94	1	17892938	16950036	"prickly_fermi_1"
"class"	"Halobacteria"	1	1	4872731	4877686	"prickly_fermi_1"
"class"	"Deltaproteobacteria"	0	NA	227242	0	"prickly_fermi_1"
"class"	"Negativicutes"	0	NA	212663	0	"prickly_fermi_1"
"class"	"class_Chroococcales"	0	NA	180204	0	"prickly_fermi_1"
"class"	"Gammaproteobacteria"	0	NA	96061	0	"prickly_fermi_1"
"class"	"class_Candidatus Caldatribacteirum"	0	NA	41192	0	"prickly_fermi_1"
"class"	"class_Malpighiales"	0	NA	40785	0	"prickly_fermi_1"
"class"	"class_Brassicales"	0	NA	13599	0	"prickly_fermi_1"
"class"	"Coccidia"	0	NA	7246	0	"prickly_fermi_1"
"class"	"Mammalia"	0	NA	4387	0	"prickly_fermi_1"
"class"	"Flavobacteriia"	0	NA	2660	0	"prickly_fermi_1"
"class"	"Sordariomycetes"	0	NA	2399	0	"prickly_fermi_1"
"class"	"unassigned"	NA	NA	11033341	0	"prickly_fermi_1"
"order"	"Actinomycetales"	1	1	55361541	55466889	"prickly_fermi_1"
"order"	"Burkholderiales"	1	0.99	39798820	40129564	"prickly_fermi_1"
"order"	"Rhizobiales"	1	1	21463145	21524620	"prickly_fermi_1"
"order"	"Bacillales"	0.96	1	17523612	16950036	"prickly_fermi_1"
"order"	"Clostridiales"	1	0.56	16716781	30099738	"prickly_fermi_1"
"order"	"Sphingomonadales"	1	0.97	16193878	16618547	"prickly_fermi_1"
"order"	"Thermoanaerobacterales"	0.87	0.97	11617808	10400110	"prickly_fermi_1"
"order"	"Rhodospirillales"	1	1	11159750	11212086	"prickly_fermi_1"
"order"	"Methylophilales"	1	0.99	8801523	8904107	"prickly_fermi_1"
"order"	"Rhodobacterales"	0.99	0.99	7549771	7530868	"prickly_fermi_1"
"order"	"Halobacteriales"	1	1	4872731	4877686	"prickly_fermi_1"
"order"	"Lactobacillales"	0	NA	369326	0	"prickly_fermi_1"
"order"	"Selenomonadales"	0	NA	212663	0	"prickly_fermi_1"
"order"	"Chroococcales"	0	NA	180204	0	"prickly_fermi_1"
"order"	"Desulfobacterales"	0	NA	165927	0	"prickly_fermi_1"
"order"	"Alteromonadales"	0	NA	62687	0	"prickly_fermi_1"
"order"	"order_delta proteobacterium MLMS-1"	0	NA	61315	0	"prickly_fermi_1"
"order"	"order_Candidatus Caldatribacteirum"	0	NA	41192	0	"prickly_fermi_1"
"order"	"Malpighiales"	0	NA	40785	0	"prickly_fermi_1"
"order"	"Pseudomonadales"	0	NA	33374	0	"prickly_fermi_1"
"order"	"Brassicales"	0	NA	13599	0	"prickly_fermi_1"
"order"	"Eucoccidiorida"	0	NA	7246	0	"prickly_fermi_1"
"order"	"Caulobacterales"	0	NA	3078	0	"prickly_fermi_1"
"order"	"Rodentia"	0	NA	3014	0	"prickly_fermi_1"
"order"	"Flavobacteriales"	0	NA	2660	0	"prickly_fermi_1"
"order"	"Sordariales"	0	NA	2399	0	"prickly_fermi_1"
"order"	"unassigned"	NA	NA	11455422	0	"prickly_fermi_1"
"family"	"Oxalobacteraceae"	1	0.99	28559810	28873267	"prickly_fermi_1"
"family"	"Streptomycetaceae"	0.98	1	18741844	18428033	"prickly_fermi_1"
"family"	"Sphingomonadaceae"	1	0.97	16193878	16618547	"prickly_fermi_1"
"family"	"Peptostreptococcaceae"	0	NA	14856711	0	"prickly_fermi_1"
"family"	"Rhizobiaceae"	1	1	13774939	13774939	"prickly_fermi_1"
"family"	"Cellulomonadaceae"	1	0.65	11545626	17759502	"prickly_fermi_1"
"family"	"Thermoanaerobacteraceae"	0.9	0.97	11311798	10400110	"prickly_fermi_1"
"family"	"Comamonadaceae"	1	1	11212431	11256297	"prickly_fermi_1"
"family"	"Rhodospirillaceae"	1	1	11159750	11212086	"prickly_fermi_1"
"family"	"family_Exiguobacterium"	0	NA	9661986	0	"prickly_fermi_1"
"family"	"Nocardioidaceae"	0.99	0.9	9519144	10494171	"prickly_fermi_1"
"family"	"Methylophilaceae"	1	0.99	8801523	8904107	"prickly_fermi_1"
"family"	"Intrasporangiaceae"	1	0.94	8260684	8785183	"prickly_fermi_1"
"family"	"Rhodobacteraceae"	0.99	0.99	7549771	7530868	"prickly_fermi_1"
"family"	"Aurantimonadaceae"	1	0.94	7304618	7749681	"prickly_fermi_1"
"family"	"Planococcaceae"	1	0.99	7142345	7245311	"prickly_fermi_1"
"family"	"Halobacteriaceae"	1	1	4872731	4877686	"prickly_fermi_1"
"family"	"Sanguibacteraceae"	0	NA	2571645	0	"prickly_fermi_1"
"family"	"Promicromonosporaceae"	0	NA	817041	0	"prickly_fermi_1"
"family"	"Peptococcaceae"	0	NA	699630	0	"prickly_fermi_1"
"family"	"Bacillaceae"	0	NA	464044	0	"prickly_fermi_1"
"family"	"Lactobacillaceae"	0	NA	369326	0	"prickly_fermi_1"
"family"	"Heliobacteriaceae"	0	NA	365990	0	"prickly_fermi_1"
"family"	"Thermoanaerobacterales Family IV. Incertae Sedis"	0	NA	301804	0	"prickly_fermi_1"
"family"	"Clostridiaceae"	0	NA	270930	0	"prickly_fermi_1"
"family"	"Veillonellaceae"	0	NA	212663	0	"prickly_fermi_1"
"family"	"Eubacteriaceae"	0	NA	182958	0	"prickly_fermi_1"
"family"	"family_Cyanobium"	0	NA	180204	0	"prickly_fermi_1"
"family"	"Desulfobacteraceae"	0	NA	165927	0	"prickly_fermi_1"
"family"	"Paenibacillaceae"	0	NA	127477	0	"prickly_fermi_1"
"family"	"Lachnospiraceae"	0	NA	108273	0	"prickly_fermi_1"
"family"	"Listeriaceae"	0	NA	105587	0	"prickly_fermi_1"
"family"	"Micrococcaceae"	0	NA	102398	0	"prickly_fermi_1"
"family"	"Ruminococcaceae"	0	NA	86398	0	"prickly_fermi_1"
"family"	"Actinomycetaceae"	0	NA	70930	0	"prickly_fermi_1"
"family"	"Alteromonadaceae"	0	NA	62687	0	"prickly_fermi_1"
"family"	"family_delta proteobacterium MLMS-1"	0	NA	61315	0	"prickly_fermi_1"
"family"	"Bradyrhizobiaceae"	0	NA	42538	0	"prickly_fermi_1"
"family"	"family_Candidatus Caldatribacteirum"	0	NA	41192	0	"prickly_fermi_1"
"family"	"Euphorbiaceae"	0	NA	40785	0	"prickly_fermi_1"
"family"	"Pseudomonadaceae"	0	NA	33374	0	"prickly_fermi_1"
"family"	"Burkholderiaceae"	0	NA	24295	0	"prickly_fermi_1"
"family"	"Alicyclobacillaceae"	0	NA	18630	0	"prickly_fermi_1"
"family"	"Pseudonocardiaceae"	0	NA	15734	0	"prickly_fermi_1"
"family"	"Brassicaceae"	0	NA	13599	0	"prickly_fermi_1"
"family"	"Microbacteriaceae"	0	NA	10966	0	"prickly_fermi_1"
"family"	"Beutenbergiaceae"	0	NA	10391	0	"prickly_fermi_1"
"family"	"Sarcocystidae"	0	NA	7246	0	"prickly_fermi_1"
"family"	"Geodermatophilaceae"	0	NA	3817	0	"prickly_fermi_1"
"family"	"Caulobacteraceae"	0	NA	3078	0	"prickly_fermi_1"
"family"	"Blattabacteriaceae"	0	NA	2660	0	"prickly_fermi_1"
"family"	"Sordariaceae"	0	NA	2399	0	"prickly_fermi_1"
"family"	"Muridae"	0	NA	1210	0	"prickly_fermi_1"
"family"	"Thermomonosporaceae"	0	NA	599	0	"prickly_fermi_1"
"family"	"Nocardiopsaceae"	0	NA	235	0	"prickly_fermi_1"
"family"	"unassigned"	NA	NA	15644687	0	"prickly_fermi_1"
"genus"	"Massilia"	1	0.99	28450565	28873267	"prickly_fermi_1"
"genus"	"Streptomyces"	0	NA	18741844	0	"prickly_fermi_1"
"genus"	"Sphingomonas"	1	0.93	15441734	16618547	"prickly_fermi_1"
"genus"	"Peptoclostridium"	0	NA	14856711	0	"prickly_fermi_1"
"genus"	"Sinorhizobium"	1	1	13774939	13774939	"prickly_fermi_1"
"genus"	"Acidovorax"	0	NA	11206025	0	"prickly_fermi_1"
"genus"	"Phaeospirillum"	1	1	11159750	11212086	"prickly_fermi_1"
"genus"	"Exiguobacterium"	0	NA	9661986	0	"prickly_fermi_1"
"genus"	"Cellulomonas"	0.89	0.99	9636693	8645721	"prickly_fermi_1"
"genus"	"Aeromicrobium"	1	0.88	9244856	10494171	"prickly_fermi_1"
"genus"	"Methylophilus"	1	0.98	8756790	8904107	"prickly_fermi_1"
"genus"	"Rhodobacter"	1	0.96	7237447	7530868	"prickly_fermi_1"
"genus"	"Sporosarcina"	1	0.99	7140960	7245311	"prickly_fermi_1"
"genus"	"Knoellia"	0	NA	6241668	0	"prickly_fermi_1"
"genus"	"Thermoanaerobacter"	0.94	0.93	5197099	5263147	"prickly_fermi_1"
"genus"	"Moorella"	1	0.99	5077417	5136963	"prickly_fermi_1"
"genus"	"Halobacterium"	1	0.97	4718198	4877686	"prickly_fermi_1"
"genus"	"Aureimonas"	0	NA	4473640	0	"prickly_fermi_1"
"genus"	"Aurantimonas"	0	NA	2765316	0	"prickly_fermi_1"
"genus"	"Sanguibacter"	0	NA	2571645	0	"prickly_fermi_1"
"genus"	"Paraoerskovia"	0	NA	1389980	0	"prickly_fermi_1"
"genus"	"Terracoccus"	0	NA	1057532	0	"prickly_fermi_1"
"genus"	"Thermacetogenium"	0	NA	867009	0	"prickly_fermi_1"
"genus"	"Sphingobium"	0	NA	583478	0	"prickly_fermi_1"
"genus"	"Promicromonospora"	0	NA	530244	0	"prickly_fermi_1"
"genus"	"Bacillus"	0	NA	464044	0	"prickly_fermi_1"
"genus"	"Thermincola"	0	NA	372560	0	"prickly_fermi_1"
"genus"	"Lactobacillus"	0	NA	369326	0	"prickly_fermi_1"
"genus"	"Heliobacterium"	0	NA	365990	0	"prickly_fermi_1"
"genus"	"Desulfotomaculum"	0	NA	327070	0	"prickly_fermi_1"
"genus"	"Mahella"	0	NA	301804	0	"prickly_fermi_1"
"genus"	"Thermosinus"	0	NA	212663	0	"prickly_fermi_1"
"genus"	"Marmoricola"	0	NA	212199	0	"prickly_fermi_1"
"genus"	"Acetobacterium"	0	NA	182958	0	"prickly_fermi_1"
"genus"	"Cyanobium"	0	NA	180204	0	"prickly_fermi_1"
"genus"	"Isoptericola"	0	NA	176493	0	"prickly_fermi_1"
"genus"	"Paracoccus"	0	NA	168925	0	"prickly_fermi_1"
"genus"	"Desulfospira"	0	NA	165927	0	"prickly_fermi_1"
"genus"	"Caldanaerobacter"	0	NA	145132	0	"prickly_fermi_1"
"genus"	"Paenibacillus"	0	NA	127477	0	"prickly_fermi_1"
"genus"	"Xylanimonas"	0	NA	110304	0	"prickly_fermi_1"
"genus"	"Lachnoclostridium"	0	NA	108273	0	"prickly_fermi_1"
"genus"	"Listeria"	0	NA	105587	0	"prickly_fermi_1"
"genus"	"Arthrobacter"	0	NA	102398	0	"prickly_fermi_1"
"genus"	"genus_Ruminococcaceae bacterium AE2021"	0	NA	86398	0	"prickly_fermi_1"
"genus"	"genus_Oxalobacteraceae bacterium JGI 0001012-C15"	0	NA	76499	0	"prickly_fermi_1"
"genus"	"Mobiluncus"	0	NA	70930	0	"prickly_fermi_1"
"genus"	"Marinobacterium"	0	NA	62687	0	"prickly_fermi_1"
"genus"	"Nocardioides"	0	NA	62089	0	"prickly_fermi_1"
"genus"	"genus_delta proteobacterium MLMS-1"	0	NA	61315	0	"prickly_fermi_1"
"genus"	"Haematobacter"	0	NA	57641	0	"prickly_fermi_1"
"genus"	"Roseobacter"	0	NA	57607	0	"prickly_fermi_1"
"genus"	"Natrinema"	0	NA	55207	0	"prickly_fermi_1"
"genus"	"Clostridium"	0	NA	55155	0	"prickly_fermi_1"
"genus"	"Bradyrhizobium"	0	NA	42538	0	"prickly_fermi_1"
"genus"	"Candidatus Caldatribacteirum"	0	NA	41192	0	"prickly_fermi_1"
"genus"	"Ricinus"	0	NA	40785	0	"prickly_fermi_1"
"genus"	"Pseudomonas"	0	NA	33374	0	"prickly_fermi_1"
"genus"	"Natronorubrum"	0	NA	27725	0	"prickly_fermi_1"
"genus"	"Youngiibacter"	0	NA	26720	0	"prickly_fermi_1"
"genus"	"Haloarcula"	0	NA	24495	0	"prickly_fermi_1"
"genus"	"Burkholderia"	0	NA	24295	0	"prickly_fermi_1"
"genus"	"Natrialba"	0	NA	22257	0	"prickly_fermi_1"
"genus"	"Pseudonocardia"	0	NA	15734	0	"prickly_fermi_1"
"genus"	"Rubellimicrobium"	0	NA	14597	0	"prickly_fermi_1"
"genus"	"Novosphingobium"	0	NA	12179	0	"prickly_fermi_1"
"genus"	"Microbacterium"	0	NA	10966	0	"prickly_fermi_1"
"genus"	"Beutenbergia"	0	NA	10391	0	"prickly_fermi_1"
"genus"	"Halomicrobium"	0	NA	8784	0	"prickly_fermi_1"
"genus"	"Arabidopsis"	0	NA	7378	0	"prickly_fermi_1"
"genus"	"Hammondia"	0	NA	7246	0	"prickly_fermi_1"
"genus"	"Natronomonas"	0	NA	6178	0	"prickly_fermi_1"
"genus"	"Hydrogenophaga"	0	NA	3210	0	"prickly_fermi_1"
"genus"	"Asticcacaulis"	0	NA	3078	0	"prickly_fermi_1"
"genus"	"Geodermatophilus"	0	NA	2977	0	"prickly_fermi_1"
"genus"	"Variovorax"	0	NA	2894	0	"prickly_fermi_1"
"genus"	"Blattabacterium"	0	NA	2660	0	"prickly_fermi_1"
"genus"	"Sordaria"	0	NA	2399	0	"prickly_fermi_1"
"genus"	"Capsella"	0	NA	2053	0	"prickly_fermi_1"
"genus"	"Ureibacillus"	0	NA	1385	0	"prickly_fermi_1"
"genus"	"Camelina"	0	NA	1324	0	"prickly_fermi_1"
"genus"	"Mus"	0	NA	1210	0	"prickly_fermi_1"
"genus"	"Janibacter"	0	NA	1136	0	"prickly_fermi_1"
"genus"	"Modestobacter"	0	NA	840	0	"prickly_fermi_1"
"genus"	"Spirillospora"	0	NA	599	0	"prickly_fermi_1"
"genus"	"Blastomonas"	0	NA	518	0	"prickly_fermi_1"
"genus"	"Nocardiopsis"	0	NA	235	0	"prickly_fermi_1"
"genus"	"unassigned"	NA	NA	17682511	0	"prickly_fermi_1"
"species"	"Massilia sp. JS1662"	0	NA	28432646	0	"prickly_fermi_1"
"species"	"Streptomyces sp. W007"	0	NA	18007234	0	"prickly_fermi_1"
"species"	"[Clostridium] sticklandii"	0	NA	14856711	0	"prickly_fermi_1"
"species"	"Sinorhizobium meliloti"	1	1	13772400	13774939	"prickly_fermi_1"
"species"	"Acidovorax radicis"	0	NA	11192936	0	"prickly_fermi_1"
"species"	"Sphingomonas wittichii"	0	NA	11061533	0	"prickly_fermi_1"
"species"	"Phaeospirillum fulvum"	1	0.97	10893059	11212086	"prickly_fermi_1"
"species"	"Cellulomonas fimi"	0	NA	8583652	0	"prickly_fermi_1"
"species"	"Methylophilus methylotrophus"	0	NA	7641998	0	"prickly_fermi_1"
"species"	"Rhodobacter capsulatus"	1	0.96	7237447	7530868	"prickly_fermi_1"
"species"	"Sporosarcina newyorkensis"	1	0.98	7118497	7245311	"prickly_fermi_1"
"species"	"Aeromicrobium massiliense"	0	NA	6542369	0	"prickly_fermi_1"
"species"	"Moorella thermoacetica"	1	0.99	5077417	5136963	"prickly_fermi_1"
"species"	"Exiguobacterium sp. MH3"	0	NA	5077395	0	"prickly_fermi_1"
"species"	"Halobacterium salinarum"	1	0.97	4718198	4877686	"prickly_fermi_1"
"species"	"Aureimonas ureilytica"	0	NA	4473640	0	"prickly_fermi_1"
"species"	"Exiguobacterium sp. OS-77"	0	NA	4433091	0	"prickly_fermi_1"
"species"	"Knoellia aerolata"	0	NA	4297485	0	"prickly_fermi_1"
"species"	"Aeromicrobium marinum"	0	NA	2701970	0	"prickly_fermi_1"
"species"	"Sanguibacter keddieii"	0	NA	2571645	0	"prickly_fermi_1"
"species"	"Paraoerskovia marina"	0	NA	1389980	0	"prickly_fermi_1"
"species"	"Thermoanaerobacter indiensis"	0	NA	1221903	0	"prickly_fermi_1"
"species"	"Knoellia flava"	0	NA	1073731	0	"prickly_fermi_1"
"species"	"Terracoccus sp. 273MFTsu3.1"	0	NA	1057532	0	"prickly_fermi_1"
"species"	"Thermoanaerobacter thermohydrosulfuricus"	1	0.18	926212	5263147	"prickly_fermi_1"
"species"	"Aurantimonas manganoxydans"	0	NA	917272	0	"prickly_fermi_1"
"species"	"Thermacetogenium phaeum"	0	NA	867009	0	"prickly_fermi_1"
"species"	"Cellulomonas flavigena"	0	NA	642202	0	"prickly_fermi_1"
"species"	"Promicromonospora sukumoe"	0	NA	530244	0	"prickly_fermi_1"
"species"	"Sphingomonas sp. YL-JM2C"	0	NA	420781	0	"prickly_fermi_1"
"species"	"Bacillus halodurans"	0	NA	413648	0	"prickly_fermi_1"
"species"	"Sphingobium sp. HDIP04"	0	NA	372992	0	"prickly_fermi_1"
"species"	"Thermincola potens"	0	NA	372560	0	"prickly_fermi_1"
"species"	"Lactobacillus zeae"	0	NA	369326	0	"prickly_fermi_1"
"species"	"Heliobacterium modesticaldum"	0	NA	365990	0	"prickly_fermi_1"
"species"	"Mahella australiensis"	0	NA	301804	0	"prickly_fermi_1"
"species"	"Aurantimonas coralicida"	0	NA	299662	0	"prickly_fermi_1"
"species"	"Desulfotomaculum kuznetsovii"	0	NA	281128	0	"prickly_fermi_1"
"species"	"Sphingomonas sp. DC-6"	0	NA	280678	0	"prickly_fermi_1"
"species"	"Thermoanaerobacter italicus"	0	NA	269643	0	"prickly_fermi_1"
"species"	"Phaeospirillum molischianum"	0	NA	260456	0	"prickly_fermi_1"
"species"	"Sphingomonas melonis"	0	NA	218427	0	"prickly_fermi_1"
"species"	"Thermosinus carboxydivorans"	0	NA	212663	0	"prickly_fermi_1"
"species"	"Marmoricola aequoreus"	0	NA	212199	0	"prickly_fermi_1"
"species"	"Sphingomonas sp. MM-1"	0	NA	187745	0	"prickly_fermi_1"
"species"	"Acetobacterium dehalogenans"	0	NA	182958	0	"prickly_fermi_1"
"species"	"Cyanobium sp. PCC 7001"	0	NA	180204	0	"prickly_fermi_1"
"species"	"Isoptericola variabilis"	0	NA	176493	0	"prickly_fermi_1"
"species"	"Thermoanaerobacter siderophilus"	0	NA	171312	0	"prickly_fermi_1"
"species"	"Desulfospira joergensenii"	0	NA	165927	0	"prickly_fermi_1"
"species"	"Caldanaerobacter subterraneus"	0	NA	145132	0	"prickly_fermi_1"
"species"	"Thermoanaerobacter sp. A7A"	0	NA	137251	0	"prickly_fermi_1"
"species"	"Exiguobacterium sp. RIT341"	0	NA	131196	0	"prickly_fermi_1"
"species"	"Thermoanaerobacter ethanolicus"	0	NA	130592	0	"prickly_fermi_1"
"species"	"Paenibacillus sp. Aloe-11"	0	NA	127477	0	"prickly_fermi_1"
"species"	"Streptomyces griseus"	0	NA	119305	0	"prickly_fermi_1"
"species"	"Xylanimonas cellulosilytica"	0	NA	110304	0	"prickly_fermi_1"
"species"	"Sphingomonas sp. Ant20"	0	NA	102839	0	"prickly_fermi_1"
"species"	"Sphingobium sp. C100"	0	NA	102448	0	"prickly_fermi_1"
"species"	"Streptomyces scopuliridis"	0	NA	102043	0	"prickly_fermi_1"
"species"	"Arthrobacter sp. UNC362MFTsu5.1"	0	NA	100987	0	"prickly_fermi_1"
"species"	"Thermoanaerobacter wiegelii"	0	NA	95673	0	"prickly_fermi_1"
"species"	"Thermoanaerobacter thermocopriae"	0	NA	94876	0	"prickly_fermi_1"
"species"	"Paracoccus sphaerophysae"	0	NA	91639	0	"prickly_fermi_1"
"species"	"Listeria seeligeri"	0	NA	90354	0	"prickly_fermi_1"
"species"	"Ruminococcaceae bacterium AE2021"	0	NA	86398	0	"prickly_fermi_1"
"species"	"Oxalobacteraceae bacterium JGI 0001012-C15"	0	NA	76499	0	"prickly_fermi_1"
"species"	"Mobiluncus mulieris"	0	NA	70930	0	"prickly_fermi_1"
"species"	"Sphingomonas astaxanthinifaciens"	0	NA	65086	0	"prickly_fermi_1"
"species"	"Marinobacterium jannaschii"	0	NA	62687	0	"prickly_fermi_1"
"species"	"Nocardioides sp. JS614"	0	NA	62089	0	"prickly_fermi_1"
"species"	"Sphingomonas sp. PAMC 26621"	0	NA	61796	0	"prickly_fermi_1"
"species"	"[Clostridium] bolteae"	0	NA	61452	0	"prickly_fermi_1"
"species"	"delta proteobacterium MLMS-1"	0	NA	61315	0	"prickly_fermi_1"
"species"	"Paracoccus sp. 5503"	0	NA	61207	0	"prickly_fermi_1"
"species"	"Haematobacter massiliensis"	0	NA	57641	0	"prickly_fermi_1"
"species"	"Roseobacter sp. CCS2"	0	NA	57607	0	"prickly_fermi_1"
"species"	"Clostridium ultunense"	0	NA	55155	0	"prickly_fermi_1"
"species"	"Bacillus sp. MB2021"	0	NA	49395	0	"prickly_fermi_1"
"species"	"Streptomyces sp. PVA 94-07"	0	NA	47588	0	"prickly_fermi_1"
"species"	"[Clostridium] scindens"	0	NA	46821	0	"prickly_fermi_1"
"species"	"Desulfotomaculum reducens"	0	NA	45942	0	"prickly_fermi_1"
"species"	"Sphingobium sp. DC-2"	0	NA	45203	0	"prickly_fermi_1"
"species"	"Bradyrhizobium sp. STM 3809"	0	NA	42538	0	"prickly_fermi_1"
"species"	"Candidatus Caldatribacteirum californiense"	0	NA	41192	0	"prickly_fermi_1"
"species"	"Ricinus communis"	0	NA	40785	0	"prickly_fermi_1"
"species"	"Sphingomonas sp. PR090111-T3T-6A"	0	NA	38504	0	"prickly_fermi_1"
"species"	"Sphingomonas sp. LH128"	0	NA	36537	0	"prickly_fermi_1"
"species"	"Pseudomonas bauzanensis"	0	NA	33374	0	"prickly_fermi_1"
"species"	"Methylophilus sp. 42"	0	NA	31417	0	"prickly_fermi_1"
"species"	"Sphingobium herbicidovorans"	0	NA	30320	0	"prickly_fermi_1"
"species"	"Sphingobium ummariense"	0	NA	28674	0	"prickly_fermi_1"
"species"	"Thermoanaerobacter pseudethanolicus"	0	NA	28038	0	"prickly_fermi_1"
"species"	"Natronorubrum tibetense"	0	NA	27725	0	"prickly_fermi_1"
"species"	"Youngiibacter fragilis"	0	NA	26720	0	"prickly_fermi_1"
"species"	"Sphingomonas sp. 37zxx"	0	NA	25347	0	"prickly_fermi_1"
"species"	"Haloarcula japonica"	0	NA	24495	0	"prickly_fermi_1"
"species"	"Burkholderia oxyphila"	0	NA	24295	0	"prickly_fermi_1"
"species"	"Sporosarcina ureae"	0	NA	22463	0	"prickly_fermi_1"
"species"	"Natrialba aegyptia"	0	NA	22257	0	"prickly_fermi_1"
"species"	"Sphingomonas sp. RIT328"	0	NA	21905	0	"prickly_fermi_1"
"species"	"Natrinema pallidum"	0	NA	16139	0	"prickly_fermi_1"
"species"	"Pseudonocardia acaciae"	0	NA	15734	0	"prickly_fermi_1"
"species"	"Listeria monocytogenes"	0	NA	15233	0	"prickly_fermi_1"
"species"	"Rubellimicrobium thermophilum"	0	NA	14597	0	"prickly_fermi_1"
"species"	"Acidovorax sp. KKS102"	0	NA	13089	0	"prickly_fermi_1"
"species"	"Streptomyces tsukubaensis"	0	NA	11088	0	"prickly_fermi_1"
"species"	"Microbacterium sp. URHA0036"	0	NA	10966	0	"prickly_fermi_1"
"species"	"Beutenbergia cavernae"	0	NA	10391	0	"prickly_fermi_1"
"species"	"Sphingomonas sp. Mn802worker"	0	NA	9480	0	"prickly_fermi_1"
"species"	"Halomicrobium katesii"	0	NA	8784	0	"prickly_fermi_1"
"species"	"Massilia alkalitolerans"	0	NA	8581	0	"prickly_fermi_1"
"species"	"Methylophilus sp. OH31"	0	NA	8042	0	"prickly_fermi_1"
"species"	"Sphingomonas sp. URHD0057"	0	NA	7552	0	"prickly_fermi_1"
"species"	"Natrinema versiforme"	0	NA	7474	0	"prickly_fermi_1"
"species"	"Streptomyces sp. CNB091"	0	NA	7462	0	"prickly_fermi_1"
"species"	"Arabidopsis lyrata"	0	NA	7378	0	"prickly_fermi_1"
"species"	"Hammondia hammondi"	0	NA	7246	0	"prickly_fermi_1"
"species"	"Paracoccus sp. 39524"	0	NA	7083	0	"prickly_fermi_1"
"species"	"Thermoanaerobacter mathranii"	0	NA	6822	0	"prickly_fermi_1"
"species"	"Natronomonas moolapensis"	0	NA	6178	0	"prickly_fermi_1"
"species"	"Natrinema pellirubrum"	0	NA	4997	0	"prickly_fermi_1"
"species"	"Asticcacaulis sp. AC402"	0	NA	3078	0	"prickly_fermi_1"
"species"	"Geodermatophilus obscurus"	0	NA	2977	0	"prickly_fermi_1"
"species"	"Blattabacterium sp. (Nauphoeta cinerea)"	0	NA	2660	0	"prickly_fermi_1"
"species"	"Massilia sp. 9096"	0	NA	2634	0	"prickly_fermi_1"
"species"	"Sordaria macrospora"	0	NA	2399	0	"prickly_fermi_1"
"species"	"Capsella rubella"	0	NA	2053	0	"prickly_fermi_1"
"species"	"Variovorax sp. CF313"	0	NA	1638	0	"prickly_fermi_1"
"species"	"Arthrobacter sp. Rue61a"	0	NA	1411	0	"prickly_fermi_1"
"species"	"Massilia timonae"	0	NA	1389	0	"prickly_fermi_1"
"species"	"Ureibacillus thermosphaericus"	0	NA	1385	0	"prickly_fermi_1"
"species"	"Camelina sativa"	0	NA	1324	0	"prickly_fermi_1"
"species"	"Mus musculus"	0	NA	1210	0	"prickly_fermi_1"
"species"	"Janibacter sp. HTCC2649"	0	NA	1136	0	"prickly_fermi_1"
"species"	"Streptomyces cyaneofuscatus"	0	NA	1096	0	"prickly_fermi_1"
"species"	"Bacillus sp. EGD-AK10"	0	NA	1001	0	"prickly_fermi_1"
"species"	"Modestobacter sp. KNN45-2b"	0	NA	840	0	"prickly_fermi_1"
"species"	"Spirillospora albida"	0	NA	599	0	"prickly_fermi_1"
"species"	"Streptomyces anulatus"	0	NA	571	0	"prickly_fermi_1"
"species"	"Blastomonas sp. AAP53"	0	NA	518	0	"prickly_fermi_1"
"species"	"Nocardiopsis xinjiangensis"	0	NA	235	0	"prickly_fermi_1"
"species"	"unassigned"	NA	NA	27142264	0	"prickly_fermi_1"
